stem,filename,label,patient_id,reading_text_label,age,sex,original_shape,roi_fraction,fold
MCUCXR_0001_0,MCUCXR_0001_0.png,0,MCUCXR_0001,normal,27,F,"(4020, 4892)",0.241713,1
MCUCXR_0002_0,MCUCXR_0002_0.png,0,MCUCXR_0002,normal,40,F,"(4020, 4892)",0.203719,0
MCUCXR_0003_0,MCUCXR_0003_0.png,0,MCUCXR_0003,normal,21,F,"(4892, 4020)",0.254161,1
MCUCXR_0004_0,MCUCXR_0004_0.png,0,MCUCXR_0004,normal,11,F,"(4892, 4020)",0.176922,1
MCUCXR_0005_0,MCUCXR_0005_0.png,0,MCUCXR_0005,normal,33,M,"(4892, 4020)",0.308388,1
MCUCXR_0006_0,MCUCXR_0006_0.png,0,MCUCXR_0006,normal,70,F,"(4020, 4892)",0.213029,1
MCUCXR_0008_0,MCUCXR_0008_0.png,0,MCUCXR_0008,normal,53,F,"(4892, 4020)",0.275692,0
MCUCXR_0011_0,MCUCXR_0011_0.png,0,MCUCXR_0011,normal,29,F,"(4892, 4020)",0.261836,4
MCUCXR_0013_0,MCUCXR_0013_0.png,0,MCUCXR_0013,normal,47,F,"(4020, 4892)",0.21978,0
MCUCXR_0015_0,MCUCXR_0015_0.png,0,MCUCXR_0015,normal,48,M,"(4020, 4892)",0.2981,0
MCUCXR_0016_0,MCUCXR_0016_0.png,0,MCUCXR_0016,normal,52,F,"(4020, 4892)",0.233552,3
MCUCXR_0017_0,MCUCXR_0017_0.png,0,MCUCXR_0017,normal,8,M,"(4020, 4892)",0.155655,2
MCUCXR_0019_0,MCUCXR_0019_0.png,0,MCUCXR_0019,normal,33,M,"(4892, 4020)",0.288016,4
MCUCXR_0020_0,MCUCXR_0020_0.png,0,MCUCXR_0020,normal,24,M,"(4020, 4892)",0.2734,2
MCUCXR_0021_0,MCUCXR_0021_0.png,0,MCUCXR_0021,normal,41,F,"(4892, 4020)",0.238916,4
MCUCXR_0022_0,MCUCXR_0022_0.png,0,MCUCXR_0022,normal,54,M,"(4020, 4892)",0.397658,2
MCUCXR_0023_0,MCUCXR_0023_0.png,0,MCUCXR_0023,normal,54,M,"(4020, 4892)",0.386911,4
MCUCXR_0024_0,MCUCXR_0024_0.png,0,MCUCXR_0024,normal,37,F,"(4892, 4020)",0.179764,3
MCUCXR_0026_0,MCUCXR_0026_0.png,0,MCUCXR_0026,normal,10,F,"(4892, 4020)",0.176402,3
MCUCXR_0027_0,MCUCXR_0027_0.png,0,MCUCXR_0027,normal,38,F,"(4892, 4020)",0.220447,2
MCUCXR_0028_0,MCUCXR_0028_0.png,0,MCUCXR_0028,normal,31,F,"(4892, 4020)",0.183974,0
MCUCXR_0029_0,MCUCXR_0029_0.png,0,MCUCXR_0029,normal,19,F,"(4892, 4020)",0.246491,4
MCUCXR_0030_0,MCUCXR_0030_0.png,0,MCUCXR_0030,normal,53,M,"(4020, 4892)",0.355322,0
MCUCXR_0031_0,MCUCXR_0031_0.png,0,MCUCXR_0031,normal,53,M,"(4020, 4892)",0.355563,2
MCUCXR_0035_0,MCUCXR_0035_0.png,0,MCUCXR_0035,normal,20,F,"(4892, 4020)",0.268934,2
MCUCXR_0038_0,MCUCXR_0038_0.png,0,MCUCXR_0038,normal,31,F,"(4892, 4020)",0.274371,3
MCUCXR_0040_0,MCUCXR_0040_0.png,0,MCUCXR_0040,normal,50,F,"(4892, 4020)",0.277257,2
MCUCXR_0041_0,MCUCXR_0041_0.png,0,MCUCXR_0041,normal,11,F,"(4020, 4892)",0.173465,3
MCUCXR_0042_0,MCUCXR_0042_0.png,0,MCUCXR_0042,normal,9,M,"(4020, 4892)",0.146386,1
MCUCXR_0043_0,MCUCXR_0043_0.png,0,MCUCXR_0043,normal,48,M,"(4020, 4892)",0.199908,2
MCUCXR_0044_0,MCUCXR_0044_0.png,0,MCUCXR_0044,normal,34,F,"(4892, 4020)",0.269671,3
MCUCXR_0045_0,MCUCXR_0045_0.png,0,MCUCXR_0045,normal,52,M,"(4020, 4892)",0.271729,4
MCUCXR_0046_0,MCUCXR_0046_0.png,0,MCUCXR_0046,normal,16,F,"(4892, 4020)",0.277157,0
MCUCXR_0047_0,MCUCXR_0047_0.png,0,MCUCXR_0047,normal,35,F,"(4892, 4020)",0.253473,3
MCUCXR_0048_0,MCUCXR_0048_0.png,0,MCUCXR_0048,normal,26,F,"(4892, 4020)",0.195085,3
MCUCXR_0049_0,MCUCXR_0049_0.png,0,MCUCXR_0049,normal,28,F,"(4892, 4020)",0.233136,1
MCUCXR_0051_0,MCUCXR_0051_0.png,0,MCUCXR_0051,normal,21,M,"(4892, 4020)",0.343984,4
MCUCXR_0052_0,MCUCXR_0052_0.png,0,MCUCXR_0052,normal,30,F,"(4892, 4020)",0.1458,1
MCUCXR_0053_0,MCUCXR_0053_0.png,0,MCUCXR_0053,normal,30,F,"(4892, 4020)",0.16494,2
MCUCXR_0054_0,MCUCXR_0054_0.png,0,MCUCXR_0054,normal,25,F,"(4892, 4020)",0.238122,0
MCUCXR_0055_0,MCUCXR_0055_0.png,0,MCUCXR_0055,normal,20,M,"(4892, 4020)",0.254083,4
MCUCXR_0056_0,MCUCXR_0056_0.png,0,MCUCXR_0056,normal,32,F,"(4892, 4020)",0.220274,0
MCUCXR_0057_0,MCUCXR_0057_0.png,0,MCUCXR_0057,normal,32,F,"(4892, 4020)",0.242053,1
MCUCXR_0058_0,MCUCXR_0058_0.png,0,MCUCXR_0058,normal,44,F,"(4892, 4020)",0.203492,2
MCUCXR_0059_0,MCUCXR_0059_0.png,0,MCUCXR_0059,normal,35,F,"(4892, 4020)",0.273164,0
MCUCXR_0060_0,MCUCXR_0060_0.png,0,MCUCXR_0060,normal,4,M,"(4020, 4892)",0.098787,4
MCUCXR_0061_0,MCUCXR_0061_0.png,0,MCUCXR_0061,normal,8,F,"(4020, 4892)",0.122626,0
MCUCXR_0062_0,MCUCXR_0062_0.png,0,MCUCXR_0062,normal,25,F,"(4892, 4020)",0.201719,2
MCUCXR_0063_0,MCUCXR_0063_0.png,0,MCUCXR_0063,normal,34,F,"(4892, 4020)",0.258629,4
MCUCXR_0064_0,MCUCXR_0064_0.png,0,MCUCXR_0064,normal,47,F,"(4892, 4020)",0.227213,3
MCUCXR_0068_0,MCUCXR_0068_0.png,0,MCUCXR_0068,normal,56,F,"(4892, 4020)",0.225295,2
MCUCXR_0069_0,MCUCXR_0069_0.png,0,MCUCXR_0069,normal,50,M,"(4892, 4020)",0.28942,4
MCUCXR_0070_0,MCUCXR_0070_0.png,0,MCUCXR_0070,normal,45,F,"(4892, 4020)",0.182422,0
MCUCXR_0071_0,MCUCXR_0071_0.png,0,MCUCXR_0071,normal,33,F,"(4892, 4020)",0.26068,1
MCUCXR_0072_0,MCUCXR_0072_0.png,0,MCUCXR_0072,normal,43,F,"(4892, 4020)",0.256555,2
MCUCXR_0074_0,MCUCXR_0074_0.png,0,MCUCXR_0074,normal,56,F,"(4892, 4020)",0.18157,1
MCUCXR_0075_0,MCUCXR_0075_0.png,0,MCUCXR_0075,normal,14,M,"(4892, 4020)",0.233605,3
MCUCXR_0077_0,MCUCXR_0077_0.png,0,MCUCXR_0077,normal,8,F,"(4020, 4892)",0.134556,1
MCUCXR_0079_0,MCUCXR_0079_0.png,0,MCUCXR_0079,normal,44,M,"(4020, 4892)",0.348626,2
MCUCXR_0080_0,MCUCXR_0080_0.png,0,MCUCXR_0080,normal,5,O,"(4020, 4892)",0.111458,4
MCUCXR_0081_0,MCUCXR_0081_0.png,0,MCUCXR_0081,normal,18,F,"(4892, 4020)",0.261586,3
MCUCXR_0082_0,MCUCXR_0082_0.png,0,MCUCXR_0082,normal,20,F,"(4892, 4020)",0.252895,0
MCUCXR_0083_0,MCUCXR_0083_0.png,0,MCUCXR_0083,normal,52,M,"(4020, 4892)",0.326576,2
MCUCXR_0084_0,MCUCXR_0084_0.png,0,MCUCXR_0084,normal,43,F,"(4020, 4892)",0.199895,4
MCUCXR_0085_0,MCUCXR_0085_0.png,0,MCUCXR_0085,normal,56,F,"(4892, 4020)",0.238277,3
MCUCXR_0086_0,MCUCXR_0086_0.png,0,MCUCXR_0086,normal,28,F,"(4892, 4020)",0.183204,3
MCUCXR_0087_0,MCUCXR_0087_0.png,0,MCUCXR_0087,normal,44,F,"(4892, 4020)",0.262055,4
MCUCXR_0089_0,MCUCXR_0089_0.png,0,MCUCXR_0089,normal,44,M,"(4020, 4892)",0.371324,2
MCUCXR_0090_0,MCUCXR_0090_0.png,0,MCUCXR_0090,normal,44,M,"(4020, 4892)",0.386245,1
MCUCXR_0091_0,MCUCXR_0091_0.png,0,MCUCXR_0091,normal,23,M,"(4892, 4020)",0.274989,0
MCUCXR_0092_0,MCUCXR_0092_0.png,0,MCUCXR_0092,normal,44,M,"(4020, 4892)",0.244446,3
MCUCXR_0094_0,MCUCXR_0094_0.png,0,MCUCXR_0094,normal,65,F,"(4892, 4020)",0.229108,1
MCUCXR_0095_0,MCUCXR_0095_0.png,0,MCUCXR_0095,normal,53,M,"(4020, 4892)",0.334923,0
MCUCXR_0096_0,MCUCXR_0096_0.png,0,MCUCXR_0096,normal,43,F,"(4892, 4020)",0.271781,1
MCUCXR_0097_0,MCUCXR_0097_0.png,0,MCUCXR_0097,normal,16,F,"(4892, 4020)",0.246326,4
MCUCXR_0099_0,MCUCXR_0099_0.png,0,MCUCXR_0099,normal,30,F,"(4892, 4020)",0.334815,1
MCUCXR_0100_0,MCUCXR_0100_0.png,0,MCUCXR_0100,normal,39,F,"(4892, 4020)",0.263662,3
MCUCXR_0101_0,MCUCXR_0101_0.png,0,MCUCXR_0101,normal,17,F,"(4892, 4020)",0.231897,4
MCUCXR_0102_0,MCUCXR_0102_0.png,0,MCUCXR_0102,normal,45,M,"(4020, 4892)",0.343302,0
MCUCXR_0103_0,MCUCXR_0103_0.png,0,MCUCXR_0103,normal,32,M,"(4020, 4892)",0.291283,3
MCUCXR_0104_1,MCUCXR_0104_1.png,1,MCUCXR_0104,abnormal,59,M,"(4892, 4020)",0.343763,1
MCUCXR_0108_1,MCUCXR_0108_1.png,1,MCUCXR_0108,abnormal,40,M,"(4892, 4020)",0.280429,3
MCUCXR_0113_1,MCUCXR_0113_1.png,1,MCUCXR_0113,abnormal,84,F,"(4892, 4020)",0.181171,2
MCUCXR_0117_1,MCUCXR_0117_1.png,1,MCUCXR_0117,abnormal,85,F,"(4892, 4020)",0.175263,0
MCUCXR_0126_1,MCUCXR_0126_1.png,1,MCUCXR_0126,abnormal,46,M,"(4892, 4020)",0.251115,0
MCUCXR_0140_1,MCUCXR_0140_1.png,1,MCUCXR_0140,abnormal,34,M,"(4020, 4892)",0.261316,2
MCUCXR_0141_1,MCUCXR_0141_1.png,1,MCUCXR_0141,abnormal,27,M,"(4892, 4020)",0.357516,3
MCUCXR_0142_1,MCUCXR_0142_1.png,1,MCUCXR_0142,abnormal,43,F,"(4892, 4020)",0.245898,2
MCUCXR_0144_1,MCUCXR_0144_1.png,1,MCUCXR_0144,abnormal,67,M,"(4892, 4020)",0.274782,3
MCUCXR_0150_1,MCUCXR_0150_1.png,1,MCUCXR_0150,abnormal,32,M,"(4892, 4020)",0.299856,3
MCUCXR_0162_1,MCUCXR_0162_1.png,1,MCUCXR_0162,abnormal,49,M,"(4892, 4020)",0.37284,2
MCUCXR_0166_1,MCUCXR_0166_1.png,1,MCUCXR_0166,abnormal,49,M,"(4892, 4020)",0.347928,0
MCUCXR_0170_1,MCUCXR_0170_1.png,1,MCUCXR_0170,abnormal,49,M,"(4892, 4020)",0.361217,1
MCUCXR_0173_1,MCUCXR_0173_1.png,1,MCUCXR_0173,abnormal,54,M,"(4020, 4892)",0.332658,1
MCUCXR_0182_1,MCUCXR_0182_1.png,1,MCUCXR_0182,abnormal,30,M,"(4020, 4892)",0.268974,1
MCUCXR_0188_1,MCUCXR_0188_1.png,1,MCUCXR_0188,abnormal,61,M,"(4892, 4020)",0.342199,1
MCUCXR_0194_1,MCUCXR_0194_1.png,1,MCUCXR_0194,abnormal,73,M,"(4892, 4020)",0.238606,4
MCUCXR_0195_1,MCUCXR_0195_1.png,1,MCUCXR_0195,abnormal,44,F,"(4892, 4020)",0.236933,2
MCUCXR_0196_1,MCUCXR_0196_1.png,1,MCUCXR_0196,abnormal,26,F,"(4892, 4020)",0.242165,1
MCUCXR_0203_1,MCUCXR_0203_1.png,1,MCUCXR_0203,abnormal,68,M,"(4892, 4020)",0.261572,2
MCUCXR_0213_1,MCUCXR_0213_1.png,1,MCUCXR_0213,abnormal,89,F,"(4892, 4020)",0.254041,4
MCUCXR_0218_1,MCUCXR_0218_1.png,1,MCUCXR_0218,abnormal,46,F,"(4892, 4020)",0.303476,1
MCUCXR_0223_1,MCUCXR_0223_1.png,1,MCUCXR_0223,abnormal,67,M,"(4020, 4892)",0.265848,2
MCUCXR_0228_1,MCUCXR_0228_1.png,1,MCUCXR_0228,abnormal,32,M,"(4892, 4020)",0.2733,3
MCUCXR_0243_1,MCUCXR_0243_1.png,1,MCUCXR_0243,abnormal,54,M,"(4020, 4892)",0.324557,0
MCUCXR_0251_1,MCUCXR_0251_1.png,1,MCUCXR_0251,abnormal,77,F,"(4020, 4892)",0.227486,3
MCUCXR_0253_1,MCUCXR_0253_1.png,1,MCUCXR_0253,abnormal,31,M,"(4892, 4020)",0.264234,4
MCUCXR_0254_1,MCUCXR_0254_1.png,1,MCUCXR_0254,abnormal,33,M,"(4892, 4020)",0.327294,4
MCUCXR_0255_1,MCUCXR_0255_1.png,1,MCUCXR_0255,abnormal,33,M,"(4020, 4892)",0.334973,1
MCUCXR_0258_1,MCUCXR_0258_1.png,1,MCUCXR_0258,abnormal,88,F,"(4892, 4020)",0.171433,1
MCUCXR_0264_1,MCUCXR_0264_1.png,1,MCUCXR_0264,abnormal,15,M,"(4892, 4020)",0.259411,4
MCUCXR_0266_1,MCUCXR_0266_1.png,1,MCUCXR_0266,abnormal,47,M,"(4892, 4020)",0.264606,0
MCUCXR_0275_1,MCUCXR_0275_1.png,1,MCUCXR_0275,abnormal,34,M,"(4892, 4020)",0.275786,0
MCUCXR_0282_1,MCUCXR_0282_1.png,1,MCUCXR_0282,abnormal,51,M,"(4892, 4020)",0.301333,3
MCUCXR_0289_1,MCUCXR_0289_1.png,1,MCUCXR_0289,abnormal,52,M,"(4892, 4020)",0.239545,4
MCUCXR_0294_1,MCUCXR_0294_1.png,1,MCUCXR_0294,abnormal,63,F,"(4892, 4020)",0.22199,4
MCUCXR_0301_1,MCUCXR_0301_1.png,1,MCUCXR_0301,abnormal,47,M,"(4020, 4892)",0.300104,2
MCUCXR_0309_1,MCUCXR_0309_1.png,1,MCUCXR_0309,abnormal,89,F,"(4892, 4020)",0.16545,0
MCUCXR_0311_1,MCUCXR_0311_1.png,1,MCUCXR_0311,abnormal,89,F,"(4892, 4020)",0.155807,2
MCUCXR_0313_1,MCUCXR_0313_1.png,1,MCUCXR_0313,abnormal,15,M,"(4892, 4020)",0.261172,4
MCUCXR_0316_1,MCUCXR_0316_1.png,1,MCUCXR_0316,abnormal,16,M,"(4892, 4020)",0.267036,2
MCUCXR_0331_1,MCUCXR_0331_1.png,1,MCUCXR_0331,abnormal,47,M,"(4020, 4892)",0.295731,3
MCUCXR_0334_1,MCUCXR_0334_1.png,1,MCUCXR_0334,abnormal,24,M,"(4892, 4020)",0.231686,1
MCUCXR_0338_1,MCUCXR_0338_1.png,1,MCUCXR_0338,abnormal,35,M,"(4892, 4020)",0.384318,0
MCUCXR_0348_1,MCUCXR_0348_1.png,1,MCUCXR_0348,abnormal,69,F,"(4020, 4892)",0.166644,4
MCUCXR_0350_1,MCUCXR_0350_1.png,1,MCUCXR_0350,abnormal,36,M,"(4020, 4892)",0.286835,0
MCUCXR_0352_1,MCUCXR_0352_1.png,1,MCUCXR_0352,abnormal,25,F,"(4892, 4020)",0.245849,3
MCUCXR_0354_1,MCUCXR_0354_1.png,1,MCUCXR_0354,abnormal,46,M,"(4020, 4892)",0.357292,4
MCUCXR_0362_1,MCUCXR_0362_1.png,1,MCUCXR_0362,abnormal,61,M,"(4892, 4020)",0.234356,1
MCUCXR_0367_1,MCUCXR_0367_1.png,1,MCUCXR_0367,abnormal,31,F,"(4892, 4020)",0.198471,0
MCUCXR_0369_1,MCUCXR_0369_1.png,1,MCUCXR_0369,abnormal,31,F,"(4892, 4020)",0.216157,0
MCUCXR_0372_1,MCUCXR_0372_1.png,1,MCUCXR_0372,abnormal,49,F,"(4892, 4020)",0.218677,2
MCUCXR_0375_1,MCUCXR_0375_1.png,1,MCUCXR_0375,abnormal,49,F,"(4892, 4020)",0.262094,0
MCUCXR_0383_1,MCUCXR_0383_1.png,1,MCUCXR_0383,abnormal,14,F,"(4892, 4020)",0.230558,4
MCUCXR_0387_1,MCUCXR_0387_1.png,1,MCUCXR_0387,abnormal,42,M,"(4892, 4020)",0.310443,1
MCUCXR_0390_1,MCUCXR_0390_1.png,1,MCUCXR_0390,abnormal,52,M,"(4892, 4020)",0.263889,2
MCUCXR_0393_1,MCUCXR_0393_1.png,1,MCUCXR_0393,abnormal,30,F,"(4892, 4020)",0.256968,3
MCUCXR_0399_1,MCUCXR_0399_1.png,1,MCUCXR_0399,abnormal,63,F,"(4892, 4020)",0.20617,3
