codec,setting,bpp,compression_ratio,psnr_full,ssim_full,psnr_roi,psnr_background,roi_lossless,encode_time_s,decode_time_s
JPEG,10,0.1852,43.289,33.21,0.877,32.57,33.44,0.0%,0.00234,0.0017
JPEG,20,0.2579,31.1582,36.44,0.9326,35.69,36.71,0.0%,0.00193,0.00175
JPEG,30,0.321,25.0741,38.35,0.9541,37.40,38.70,0.0%,0.002,0.00181
JPEG,50,0.4244,19.0131,40.61,0.9701,39.41,41.08,0.0%,0.00209,0.00198
JPEG,70,0.5626,14.3755,42.62,0.9629,41.25,43.19,0.0%,0.00211,0.00211
JPEG,90,1.0186,7.976,47.07,0.9912,44.67,48.27,0.0%,0.00232,0.00238
JPEG2000,80,0.0996,80.323,36.57,0.9284,34.21,37.74,0.0%,0.04399,0.00775
JPEG2000,40,0.1989,40.223,40.22,0.9617,37.43,41.73,0.0%,0.04504,0.00955
JPEG2000,20,0.3985,20.0768,43.69,0.9803,40.87,45.25,0.0%,0.04401,0.01228
JPEG2000,10,0.7959,10.0521,47.12,0.99,44.76,48.31,0.0%,0.04427,0.01778
JPEG2000,5,1.5898,5.0353,52.01,0.9959,50.80,52.58,0.7%,0.04491,0.02815
PNG,lossless,2.7091,3.0296,inf,1.0,inf,inf,100.0%,0.15212,0.00709
