filename,quality,compressed_bytes,compression_ratio,bpp,psnr,ssim,dc_entropy,dc_avg_code_length,ac_entropy,ac_avg_code_length,encode_time_s,decode_time_s
MCUCXR_0001_0.png,10,4035,64.9675,0.1231,33.2515,0.883,1.801,1.8931,2.0954,2.1115,0.06241,0.022324
MCUCXR_0001_0.png,20,6896,38.0139,0.2104,36.715,0.9382,2.1817,2.3042,2.6918,2.7591,0.094369,0.027536
MCUCXR_0001_0.png,30,8963,29.2474,0.2735,38.8657,0.9595,2.3522,2.4656,2.919,2.9528,0.084982,0.033775
MCUCXR_0001_0.png,50,12413,21.1185,0.3788,40.9622,0.9722,2.5571,2.6375,3.1496,3.1749,0.092796,0.04605
MCUCXR_0001_0.png,70,16977,15.4411,0.5181,42.8705,0.9619,2.6993,2.762,3.3051,3.3517,0.108686,0.060181
MCUCXR_0001_0.png,90,31303,8.3744,0.9553,47.0885,0.991,2.9715,3.0298,3.5336,3.5623,0.160042,0.100852
MCUCXR_0002_0.png,10,4025,65.1289,0.1228,33.0433,0.8679,1.873,2.0117,1.9787,2.0028,0.08588,0.018981
MCUCXR_0002_0.png,20,6937,37.7892,0.2117,36.083,0.926,2.2439,2.3269,2.5605,2.6357,0.069657,0.032277
MCUCXR_0002_0.png,30,9367,27.9859,0.2859,37.8856,0.9479,2.4002,2.4902,2.8597,2.8888,0.080329,0.037635
MCUCXR_0002_0.png,50,13228,19.8174,0.4037,40.0268,0.9653,2.6076,2.6965,3.0917,3.1239,0.092006,0.048292
MCUCXR_0002_0.png,70,18310,14.317,0.5588,41.9673,0.974,2.7383,2.8132,3.2632,3.3102,0.113377,0.065227
MCUCXR_0002_0.png,90,35281,7.4302,1.0767,45.7012,0.9868,2.979,3.0281,3.5052,3.5422,0.191644,0.115803
MCUCXR_0003_0.png,10,4239,61.841,0.1294,33.0171,0.8741,1.8065,1.9062,2.167,2.1834,0.062471,0.021506
MCUCXR_0003_0.png,20,7283,35.994,0.2223,36.2266,0.9303,2.2013,2.2834,2.7386,2.8171,0.071921,0.029259
MCUCXR_0003_0.png,30,9645,27.1793,0.2943,38.3652,0.9536,2.3879,2.4705,2.9899,3.0228,0.082737,0.037203
MCUCXR_0003_0.png,50,13454,19.4845,0.4106,40.5856,0.9703,2.5932,2.6741,3.175,3.2076,0.098109,0.04889
MCUCXR_0003_0.png,70,18350,14.2858,0.56,42.7841,0.9771,2.7441,2.821,3.3147,3.3657,0.121095,0.061993
MCUCXR_0003_0.png,90,33813,7.7528,1.0319,47.0049,0.991,3.025,3.0654,3.525,3.5583,0.168173,0.111551
MCUCXR_0004_0.png,10,4110,63.782,0.1254,33.6902,0.9117,1.6563,1.7354,2.2233,2.236,0.061417,0.019637
MCUCXR_0004_0.png,20,6658,39.3728,0.2032,36.7624,0.9469,2.0044,2.0713,2.7438,2.8127,0.069828,0.027558
MCUCXR_0004_0.png,30,8574,30.5743,0.2617,38.6613,0.9653,2.147,2.1987,2.9922,3.0377,0.096246,0.032725
MCUCXR_0004_0.png,50,11642,22.5171,0.3553,41.0104,0.9783,2.3347,2.3943,3.1963,3.218,0.087064,0.041816
MCUCXR_0004_0.png,70,15546,16.8625,0.4744,42.8986,0.9387,2.4481,2.512,3.3462,3.3805,0.101643,0.054929
MCUCXR_0004_0.png,90,27407,9.5649,0.8364,47.8865,0.9943,2.6587,2.7175,3.5704,3.5945,0.141999,0.088278
MCUCXR_0005_0.png,10,4168,62.8944,0.1272,32.8869,0.8682,1.7395,1.8452,2.2023,2.2188,0.06025,0.019989
MCUCXR_0005_0.png,20,7214,36.3382,0.2202,36.2398,0.9286,2.1374,2.2405,2.779,2.8492,0.07091,0.028944
MCUCXR_0005_0.png,30,9620,27.2499,0.2936,38.1444,0.9506,2.3341,2.4302,3.0081,3.0349,0.080301,0.037127
MCUCXR_0005_0.png,50,13559,19.3336,0.4138,40.4058,0.9682,2.5368,2.6416,3.201,3.228,0.099992,0.04695
MCUCXR_0005_0.png,70,18783,13.9564,0.5732,42.4221,0.9613,2.6869,2.769,3.3351,3.3839,0.112114,0.063226
MCUCXR_0005_0.png,90,34794,7.5342,1.0618,46.7271,0.9902,2.9416,3.0085,3.5395,3.5752,0.193661,0.113522
MCUCXR_0006_0.png,10,3855,68.001,0.1176,33.5259,0.8796,1.8656,1.9702,1.9425,1.9731,0.059821,0.018886
MCUCXR_0006_0.png,20,6415,40.8642,0.1958,36.8594,0.9366,2.2432,2.312,2.5011,2.5527,0.071489,0.027451
MCUCXR_0006_0.png,30,8566,30.6028,0.2614,38.735,0.9559,2.4136,2.4792,2.8089,2.8612,0.076275,0.032522
MCUCXR_0006_0.png,50,11944,21.9478,0.3645,40.958,0.9717,2.6174,2.709,3.0574,3.0908,0.09056,0.04483
MCUCXR_0006_0.png,70,16411,15.9737,0.5008,42.9991,0.9794,2.769,2.8401,3.2559,3.2964,0.105774,0.057966
MCUCXR_0006_0.png,90,31138,8.4188,0.9503,47.0831,0.9901,3.0395,3.1165,3.5286,3.5554,0.158102,0.101584
MCUCXR_0008_0.png,10,4447,58.9485,0.1357,32.7461,0.8634,1.8094,1.9175,2.2413,2.2492,0.095543,0.022085
MCUCXR_0008_0.png,20,7575,34.6065,0.2312,35.7065,0.9199,2.1855,2.2993,2.8155,2.8776,0.07335,0.030409
MCUCXR_0008_0.png,30,9990,26.2406,0.3049,37.5954,0.9469,2.3754,2.4829,3.0506,3.0752,0.081999,0.038219
MCUCXR_0008_0.png,50,13970,18.7648,0.4263,39.8703,0.9661,2.5607,2.6626,3.2322,3.2598,0.095786,0.050743
MCUCXR_0008_0.png,70,19099,13.7255,0.5829,41.9632,0.9656,2.7085,2.7773,3.3481,3.3937,0.134666,0.064753
MCUCXR_0008_0.png,90,34791,7.5348,1.0617,46.4645,0.9905,2.9588,3.0237,3.5551,3.588,0.171719,0.11617
MCUCXR_0011_0.png,10,4411,59.4296,0.1346,32.9818,0.8862,1.7717,1.8672,2.2681,2.2789,0.060963,0.020723
MCUCXR_0011_0.png,20,7573,34.6156,0.2311,36.3089,0.9385,2.1514,2.2988,2.8477,2.9054,0.07371,0.029973
MCUCXR_0011_0.png,30,9929,26.4019,0.303,38.1488,0.9585,2.3335,2.4719,3.0701,3.0961,0.083613,0.037389
MCUCXR_0011_0.png,50,13735,19.0858,0.4192,40.5078,0.9734,2.5268,2.6326,3.2591,3.2876,0.111208,0.048876
MCUCXR_0011_0.png,70,18573,14.1143,0.5668,42.441,0.9563,2.6716,2.751,3.3924,3.4397,0.109249,0.064196
MCUCXR_0011_0.png,90,33304,7.8712,1.0164,46.9607,0.9922,2.9287,2.978,3.5773,3.6076,0.16606,0.107921
MCUCXR_0013_0.png,10,3779,69.3686,0.1153,33.4615,0.881,1.7984,1.8806,1.9832,2.0138,0.058393,0.018061
MCUCXR_0013_0.png,20,6505,40.2988,0.1985,36.7599,0.9359,2.193,2.283,2.5689,2.6191,0.066583,0.025814
MCUCXR_0013_0.png,30,8731,30.0245,0.2664,38.7129,0.9554,2.3753,2.4656,2.861,2.9014,0.076766,0.033523
MCUCXR_0013_0.png,50,12185,21.5137,0.3719,40.8683,0.971,2.5975,2.6716,3.099,3.1256,0.09065,0.044676
MCUCXR_0013_0.png,70,16748,15.6523,0.5111,42.9316,0.978,2.7584,2.8596,3.2645,3.3128,0.107009,0.059753
MCUCXR_0013_0.png,90,31736,8.2601,0.9685,46.8371,0.9897,3.0639,3.1362,3.5245,3.5569,0.184545,0.105578
MCUCXR_0015_0.png,10,4432,59.148,0.1353,32.8064,0.8609,1.8941,2.0725,2.0887,2.1073,0.062484,0.021517
MCUCXR_0015_0.png,20,7693,34.0757,0.2348,36.0248,0.9255,2.2534,2.3579,2.6388,2.7072,0.074453,0.034223
MCUCXR_0015_0.png,30,10342,25.3475,0.3156,37.8951,0.9487,2.4077,2.511,2.9229,2.9505,0.084943,0.039006
MCUCXR_0015_0.png,50,14570,17.992,0.4446,40.0358,0.9665,2.5806,2.6807,3.1281,3.1724,0.099871,0.055907
MCUCXR_0015_0.png,70,20117,13.031,0.6139,42.035,0.9709,2.6977,2.7739,3.2745,3.3196,0.119569,0.070776
MCUCXR_0015_0.png,90,37803,6.9345,1.1537,45.9361,0.9886,2.8783,2.9197,3.5233,3.5625,0.183848,0.121222
MCUCXR_0016_0.png,10,3918,66.9076,0.1196,33.4291,0.8798,1.8336,1.9119,2.0297,2.0519,0.06015,0.019751
MCUCXR_0016_0.png,20,6515,40.237,0.1988,36.803,0.9332,2.2116,2.2791,2.5948,2.6433,0.091706,0.026516
MCUCXR_0016_0.png,30,8644,30.3267,0.2638,38.7505,0.9556,2.3878,2.4783,2.867,2.9161,0.080773,0.033045
MCUCXR_0016_0.png,50,11997,21.8508,0.3661,41.0929,0.9717,2.5957,2.6499,3.1138,3.1418,0.090312,0.044129
MCUCXR_0016_0.png,70,16436,15.9494,0.5016,43.2663,0.9799,2.7523,2.8323,3.2743,3.3173,0.107146,0.056832
MCUCXR_0016_0.png,90,30359,8.6348,0.9265,47.7477,0.992,3.0256,3.0813,3.5241,3.5533,0.159738,0.100134
MCUCXR_0017_0.png,10,4447,58.9485,0.1357,33.0226,0.8821,1.8874,1.9346,2.2894,2.3053,0.061529,0.020415
MCUCXR_0017_0.png,20,7111,36.8646,0.217,36.0201,0.9335,2.1758,2.2134,2.8171,2.8994,0.070746,0.027678
MCUCXR_0017_0.png,30,9166,28.5996,0.2797,37.8956,0.956,2.3568,2.408,3.0461,3.0819,0.079891,0.036416
MCUCXR_0017_0.png,50,12365,21.2005,0.3773,40.3161,0.9738,2.4881,2.5449,3.2536,3.2765,0.090776,0.045294
MCUCXR_0017_0.png,70,16336,16.047,0.4985,42.4,0.9504,2.6352,2.7065,3.3946,3.4335,0.10322,0.055568
MCUCXR_0017_0.png,90,28534,9.1871,0.8708,47.6632,0.994,2.829,2.8918,3.6051,3.6258,0.16728,0.096414
MCUCXR_0019_0.png,10,4149,63.1825,0.1266,33.1712,0.8728,1.7744,1.876,2.1781,2.1911,0.060241,0.019643
MCUCXR_0019_0.png,20,6935,37.8001,0.2116,36.6697,0.9361,2.1564,2.2788,2.7224,2.7904,0.07136,0.028217
MCUCXR_0019_0.png,30,9098,28.8134,0.2776,38.4646,0.9554,2.3363,2.4521,2.964,2.9961,0.082731,0.040546
MCUCXR_0019_0.png,50,12706,20.6315,0.3878,40.8828,0.9725,2.5288,2.6367,3.1887,3.2152,0.090333,0.0449
MCUCXR_0019_0.png,70,17431,15.039,0.532,42.942,0.96,2.6886,2.762,3.3428,3.3918,0.117166,0.059549
MCUCXR_0019_0.png,90,31832,8.2352,0.9714,47.4745,0.9919,2.9244,2.979,3.5429,3.5728,0.160385,0.102788
MCUCXR_0020_0.png,10,4104,63.8752,0.1252,33.2288,0.8718,1.8522,2.041,1.9776,1.9987,0.059229,0.019104
MCUCXR_0020_0.png,20,6944,37.7512,0.2119,36.6462,0.933,2.2079,2.3215,2.5578,2.6366,0.069914,0.028308
MCUCXR_0020_0.png,30,9314,28.1452,0.2842,38.478,0.9537,2.3756,2.5112,2.8652,2.8986,0.079074,0.038472
MCUCXR_0020_0.png,50,13108,19.9988,0.4,40.8278,0.971,2.5624,2.6582,3.1142,3.1477,0.109115,0.046617
MCUCXR_0020_0.png,70,18137,14.4535,0.5535,42.9965,0.9775,2.6894,2.7664,3.2551,3.3026,0.112263,0.061735
MCUCXR_0020_0.png,90,33791,7.7578,1.0312,47.266,0.9911,2.8949,2.9517,3.5091,3.5463,0.168981,0.111462
MCUCXR_0021_0.png,10,3606,72.6966,0.11,33.558,0.8963,1.529,1.6267,2.1019,2.1341,0.058515,0.017411
MCUCXR_0021_0.png,20,6144,42.6667,0.1875,36.8562,0.9428,1.9274,2.0085,2.6723,2.7103,0.067275,0.026401
MCUCXR_0021_0.png,30,8159,32.1294,0.249,38.77,0.9616,2.098,2.1868,2.9401,2.9879,0.090252,0.033465
MCUCXR_0021_0.png,50,11347,23.1025,0.3463,41.0609,0.9753,2.3219,2.4109,3.1508,3.1737,0.084624,0.040994
MCUCXR_0021_0.png,70,15482,16.9322,0.4725,42.954,0.9479,2.4574,2.5508,3.3232,3.3647,0.101968,0.053861
MCUCXR_0021_0.png,90,27855,9.411,0.8501,47.9942,0.9929,2.7216,2.7878,3.5333,3.5602,0.162098,0.092053
MCUCXR_0022_0.png,10,4374,59.9323,0.1335,32.9313,0.853,1.942,2.1194,2.019,2.0416,0.060987,0.020098
MCUCXR_0022_0.png,20,7592,34.529,0.2317,36.2144,0.9179,2.2733,2.3616,2.6269,2.7,0.073845,0.031324
MCUCXR_0022_0.png,30,10249,25.5775,0.3128,38.0068,0.9432,2.4026,2.5046,2.9024,2.9258,0.083458,0.038652
MCUCXR_0022_0.png,50,14780,17.7364,0.451,40.1604,0.9628,2.5496,2.6428,3.1366,3.1763,0.101833,0.052745
MCUCXR_0022_0.png,70,20694,12.6676,0.6315,42.1998,0.9741,2.6679,2.7629,3.2828,3.3255,0.125958,0.070713
MCUCXR_0022_0.png,90,39219,6.6841,1.1969,46.1069,0.9883,2.7964,2.8647,3.4857,3.5184,0.192821,0.125567
MCUCXR_0023_0.png,10,4076,64.314,0.1244,33.3985,0.8664,1.925,2.1265,1.9418,1.9603,0.05982,0.01904
MCUCXR_0023_0.png,20,6956,37.686,0.2123,36.6495,0.9256,2.2759,2.4138,2.556,2.6282,0.086712,0.028343
MCUCXR_0023_0.png,30,9340,28.0668,0.285,38.4504,0.9478,2.4227,2.5833,2.8655,2.8952,0.080736,0.034784
MCUCXR_0023_0.png,50,13495,19.4253,0.4118,40.6416,0.9659,2.6022,2.7314,3.145,3.1742,0.097634,0.048884
MCUCXR_0023_0.png,70,18761,13.9728,0.5725,42.5951,0.9747,2.7385,2.8792,3.2865,3.3336,0.114932,0.064619
MCUCXR_0023_0.png,90,35764,7.3298,1.0914,46.5595,0.9891,2.9175,2.9719,3.5008,3.5399,0.176598,0.116821
MCUCXR_0024_0.png,10,3728,70.3176,0.1138,34.0892,0.9031,1.6729,1.7607,2.0218,2.0458,0.059244,0.01842
MCUCXR_0024_0.png,20,6099,42.9815,0.1861,37.2258,0.9459,2.0524,2.1699,2.5871,2.6339,0.06754,0.02494
MCUCXR_0024_0.png,30,8108,32.3315,0.2474,39.2446,0.9644,2.2255,2.3423,2.8668,2.9263,0.07529,0.030934
MCUCXR_0024_0.png,50,11096,23.6251,0.3386,41.6206,0.9779,2.4368,2.5454,3.1026,3.1259,0.085892,0.040534
MCUCXR_0024_0.png,70,15180,17.269,0.4633,43.5623,0.9605,2.5884,2.666,3.2999,3.3363,0.115346,0.053467
MCUCXR_0024_0.png,90,27498,9.5332,0.8392,48.2054,0.9933,2.907,2.9683,3.5159,3.5397,0.141782,0.089153
MCUCXR_0026_0.png,10,3785,69.2587,0.1155,33.5156,0.889,1.5481,1.6372,2.1766,2.2021,0.057384,0.017531
MCUCXR_0026_0.png,20,6111,42.8971,0.1865,36.9253,0.951,1.8845,1.9666,2.7208,2.7709,0.066926,0.024181
MCUCXR_0026_0.png,30,7899,33.187,0.2411,38.7614,0.9671,2.0366,2.0784,2.9711,3.0245,0.074303,0.028966
MCUCXR_0026_0.png,50,10760,24.3628,0.3284,41.3002,0.9805,2.229,2.2808,3.2255,3.2466,0.082619,0.038735
MCUCXR_0026_0.png,70,14320,18.3061,0.437,43.2144,0.9449,2.3634,2.4116,3.3796,3.4093,0.095911,0.049843
MCUCXR_0026_0.png,90,25144,10.4257,0.7673,48.6872,0.9948,2.6226,2.6814,3.5897,3.614,0.132606,0.081904
MCUCXR_0027_0.png,10,3816,68.696,0.1165,33.5855,0.8946,1.6973,1.7817,2.0615,2.0875,0.059568,0.017941
MCUCXR_0027_0.png,20,6546,40.0464,0.1998,36.8611,0.9438,2.078,2.2141,2.6865,2.7419,0.069919,0.026488
MCUCXR_0027_0.png,30,8690,30.1662,0.2652,38.8046,0.9614,2.2612,2.3857,2.9207,2.9619,0.093849,0.033841
MCUCXR_0027_0.png,50,12007,21.8326,0.3664,41.1412,0.9759,2.4656,2.5764,3.1151,3.1425,0.089378,0.043809
MCUCXR_0027_0.png,70,16397,15.9873,0.5004,43.0523,0.9488,2.5964,2.6755,3.2722,3.3185,0.105197,0.05629
MCUCXR_0027_0.png,90,29680,8.8323,0.9058,47.764,0.9929,2.8379,2.8916,3.4904,3.5207,0.150784,0.10766
MCUCXR_0028_0.png,10,3753,69.8492,0.1145,33.6138,0.905,1.6067,1.6794,2.1103,2.1299,0.057798,0.018664
MCUCXR_0028_0.png,20,6311,41.5376,0.1926,36.8051,0.9485,1.9685,2.0388,2.6829,2.736,0.067202,0.02536
MCUCXR_0028_0.png,30,8242,31.8059,0.2515,38.6986,0.965,2.1354,2.2021,2.9382,2.988,0.072916,0.032427
MCUCXR_0028_0.png,50,11283,23.2335,0.3443,41.1353,0.9775,2.3358,2.4065,3.1821,3.207,0.087625,0.040239
MCUCXR_0028_0.png,70,15235,17.2067,0.4649,42.9802,0.944,2.4886,2.5637,3.3599,3.3954,0.101367,0.052275
MCUCXR_0028_0.png,90,27238,9.6242,0.8312,48.1128,0.9936,2.7448,2.8313,3.5642,3.5864,0.144786,0.087757
MCUCXR_0029_0.png,10,3547,73.9058,0.1082,33.8113,0.8919,1.5939,1.679,2.0315,2.0719,0.057346,0.016868
MCUCXR_0029_0.png,20,6016,43.5745,0.1836,37.1231,0.9415,1.9956,2.0847,2.6329,2.6678,0.064682,0.026679
MCUCXR_0029_0.png,30,8073,32.4717,0.2464,38.9786,0.9598,2.1873,2.3174,2.9196,2.9672,0.087533,0.031427
MCUCXR_0029_0.png,50,11197,23.412,0.3417,41.3483,0.9748,2.4236,2.5388,3.1396,3.1625,0.08512,0.041325
MCUCXR_0029_0.png,70,15331,17.0989,0.4679,43.3194,0.9549,2.5979,2.6804,3.2946,3.3345,0.099983,0.051873
MCUCXR_0029_0.png,90,28248,9.2801,0.8621,48.0819,0.9924,2.8988,2.9485,3.5076,3.5359,0.147046,0.089984
MCUCXR_0030_0.png,10,3987,65.7497,0.1217,33.3667,0.8681,1.8939,2.0811,1.9218,1.9531,0.058203,0.019032
MCUCXR_0030_0.png,20,6925,37.8547,0.2113,36.7209,0.9261,2.2535,2.3604,2.5566,2.6267,0.069207,0.028581
MCUCXR_0030_0.png,30,9286,28.23,0.2834,38.4925,0.948,2.3969,2.5327,2.843,2.878,0.08013,0.035568
MCUCXR_0030_0.png,50,13364,19.6157,0.4078,40.6028,0.9658,2.5862,2.7026,3.1073,3.1411,0.094873,0.048156
MCUCXR_0030_0.png,70,18621,14.0779,0.5683,42.4909,0.9714,2.7214,2.8137,3.2512,3.2989,0.115478,0.062895
MCUCXR_0030_0.png,90,35491,7.3862,1.0831,46.4108,0.9889,2.9265,2.9885,3.4778,3.5153,0.19399,0.112165
MCUCXR_0031_0.png,10,4449,58.922,0.1358,32.8982,0.8549,1.9108,2.0918,2.0845,2.1037,0.060142,0.022614
MCUCXR_0031_0.png,20,7731,33.9082,0.2359,36.1019,0.9197,2.2492,2.3296,2.6683,2.7311,0.072752,0.030579
MCUCXR_0031_0.png,30,10398,25.211,0.3173,37.9023,0.9436,2.3934,2.4976,2.9318,2.9567,0.082217,0.038116
MCUCXR_0031_0.png,50,14849,17.654,0.4532,39.9876,0.9629,2.5567,2.6333,3.1489,3.1891,0.100009,0.053918
MCUCXR_0031_0.png,70,20723,12.6499,0.6324,41.9127,0.9717,2.6788,2.7632,3.2805,3.3231,0.120058,0.07089
MCUCXR_0031_0.png,90,39432,6.648,1.2034,45.7259,0.9875,2.8459,2.9033,3.4911,3.5269,0.188844,0.123983
MCUCXR_0035_0.png,10,4487,58.423,0.1369,32.6457,0.8675,1.7893,1.8779,2.267,2.2813,0.060087,0.019484
MCUCXR_0035_0.png,20,7688,34.0978,0.2346,35.8246,0.9307,2.1464,2.2673,2.8423,2.8979,0.071999,0.030682
MCUCXR_0035_0.png,30,10212,25.6702,0.3116,37.7004,0.9532,2.3351,2.4561,3.0914,3.1182,0.098219,0.038551
MCUCXR_0035_0.png,50,14072,18.6288,0.4294,40.1052,0.9714,2.523,2.6272,3.2704,3.3046,0.095769,0.048034
MCUCXR_0035_0.png,70,19035,13.7717,0.5809,42.0199,0.953,2.6498,2.7175,3.3894,3.4335,0.112885,0.065062
MCUCXR_0035_0.png,90,34075,7.6931,1.0399,46.6131,0.9917,2.8686,2.9243,3.5845,3.6165,0.166867,0.111041
MCUCXR_0038_0.png,10,4344,60.3462,0.1326,33.1597,0.8752,1.8098,1.8887,2.2144,2.2269,0.061038,0.020623
MCUCXR_0038_0.png,20,7470,35.0929,0.228,36.3394,0.9382,2.1864,2.314,2.7856,2.85,0.072427,0.029267
MCUCXR_0038_0.png,30,9833,26.6596,0.3001,38.2929,0.957,2.3664,2.4709,3.0119,3.0406,0.08115,0.037
MCUCXR_0038_0.png,50,13671,19.1752,0.4172,40.5663,0.973,2.5438,2.635,3.2069,3.2372,0.093645,0.048908
MCUCXR_0038_0.png,70,18662,14.0469,0.5695,42.4042,0.9539,2.6829,2.7473,3.3247,3.3716,0.130459,0.062677
MCUCXR_0038_0.png,90,33750,7.7672,1.03,46.6816,0.9917,2.8873,2.9395,3.5441,3.5785,0.168218,0.109648
MCUCXR_0040_0.png,10,4383,59.8093,0.1338,32.6008,0.8759,1.8322,1.9421,2.1845,2.1947,0.060982,0.020562
MCUCXR_0040_0.png,20,7375,35.5449,0.2251,35.5835,0.9305,2.19,2.3157,2.7499,2.8236,0.071474,0.029299
MCUCXR_0040_0.png,30,9726,26.9529,0.2968,37.287,0.9503,2.3585,2.4597,3.0033,3.0363,0.081588,0.036387
MCUCXR_0040_0.png,50,13597,19.2795,0.4149,39.547,0.9668,2.5433,2.6404,3.2071,3.2384,0.094242,0.049116
MCUCXR_0040_0.png,70,18783,13.9564,0.5732,41.5519,0.9499,2.671,2.7297,3.3601,3.3969,0.114682,0.064045
MCUCXR_0040_0.png,90,34679,7.5592,1.0583,46.0558,0.9893,2.8774,2.9246,3.5367,3.5712,0.171831,0.110379
MCUCXR_0041_0.png,10,3667,71.4873,0.1119,34.2657,0.8941,1.7198,1.7834,2.0244,2.0622,0.074694,0.017544
MCUCXR_0041_0.png,20,5901,44.4237,0.1801,37.4402,0.9303,2.0903,2.1765,2.5817,2.6168,0.065898,0.02498
MCUCXR_0041_0.png,30,7784,33.6773,0.2375,39.5415,0.9566,2.2568,2.3223,2.8782,2.9407,0.071219,0.030039
MCUCXR_0041_0.png,50,10591,24.7516,0.3232,41.9499,0.9732,2.4371,2.5342,3.1179,3.1436,0.082015,0.040376
MCUCXR_0041_0.png,70,14289,18.3459,0.4361,43.7887,0.9506,2.5697,2.6653,3.304,3.336,0.098232,0.050352
MCUCXR_0041_0.png,90,25928,10.1105,0.7913,48.7212,0.9938,2.8795,2.9355,3.5366,3.5592,0.139998,0.084283
MCUCXR_0042_0.png,10,3916,66.9418,0.1195,33.7704,0.9196,1.5697,1.6799,2.2186,2.2444,0.058081,0.018283
MCUCXR_0042_0.png,20,6214,42.186,0.1896,36.759,0.9453,1.9193,1.9729,2.7621,2.8166,0.066889,0.024734
MCUCXR_0042_0.png,30,8043,32.5928,0.2455,38.6646,0.9653,2.0414,2.1006,3.0184,3.0702,0.073338,0.030969
MCUCXR_0042_0.png,50,10829,24.2076,0.3305,40.9824,0.9781,2.2175,2.2798,3.2223,3.2428,0.09989,0.039781
MCUCXR_0042_0.png,70,14227,18.4258,0.4342,42.7256,0.9295,2.2762,2.3066,3.3718,3.3971,0.095905,0.051724
MCUCXR_0042_0.png,90,24866,10.5423,0.7589,48.0719,0.9947,2.5233,2.5652,3.5728,3.5953,0.136003,0.083617
MCUCXR_0043_0.png,10,4041,64.8711,0.1233,33.3543,0.8763,1.8813,2.0354,1.9783,2.0017,0.057898,0.018911
MCUCXR_0043_0.png,20,6935,37.8001,0.2116,36.6723,0.9346,2.2551,2.3494,2.5732,2.6439,0.070573,0.028318
MCUCXR_0043_0.png,30,9277,28.2574,0.2831,38.5586,0.9554,2.4176,2.5249,2.8586,2.8913,0.079877,0.037967
MCUCXR_0043_0.png,50,12937,20.2631,0.3948,40.8152,0.9719,2.6017,2.6934,3.083,3.119,0.094188,0.046383
MCUCXR_0043_0.png,70,17746,14.772,0.5416,42.8722,0.9762,2.747,2.8257,3.2529,3.3022,0.11034,0.06078
MCUCXR_0043_0.png,90,33008,7.9418,1.0073,47.0368,0.991,2.9981,3.0581,3.5115,3.5436,0.2074,0.11049
MCUCXR_0044_0.png,10,4103,63.8908,0.1252,32.6216,0.8757,1.7581,1.8823,2.1139,2.1347,0.060161,0.019347
MCUCXR_0044_0.png,20,7210,36.3584,0.22,36.2643,0.9342,2.1506,2.2605,2.7529,2.8268,0.072006,0.028936
MCUCXR_0044_0.png,30,9467,27.6903,0.2889,38.3092,0.9551,2.3372,2.4426,2.9593,2.9889,0.080148,0.035437
MCUCXR_0044_0.png,50,13320,19.6805,0.4065,40.4788,0.9708,2.5434,2.6445,3.1876,3.2143,0.094745,0.048082
MCUCXR_0044_0.png,70,18362,14.2764,0.5604,42.5937,0.9711,2.6846,2.7661,3.3346,3.3843,0.113451,0.062345
MCUCXR_0044_0.png,90,33695,7.7799,1.0283,46.9591,0.9911,2.9428,3.0015,3.5212,3.5576,0.170952,0.111051
MCUCXR_0045_0.png,10,3745,69.9984,0.1143,33.9609,0.8691,1.8327,1.9819,1.8741,1.8996,0.05792,0.018255
MCUCXR_0045_0.png,20,6554,39.9976,0.2,37.2492,0.9303,2.2169,2.3079,2.4929,2.5543,0.06845,0.026801
MCUCXR_0045_0.png,30,8864,29.574,0.2705,39.0221,0.9521,2.3966,2.5171,2.7811,2.8232,0.077437,0.034364
MCUCXR_0045_0.png,50,12587,20.8266,0.3841,41.0969,0.9689,2.5768,2.6948,3.0524,3.0844,0.108928,0.045189
MCUCXR_0045_0.png,70,17494,14.9848,0.5339,42.9647,0.9669,2.7077,2.7825,3.234,3.2835,0.110703,0.060317
MCUCXR_0045_0.png,90,33413,7.8456,1.0197,46.8467,0.9899,2.9389,3.0059,3.4786,3.5143,0.169101,0.110787
MCUCXR_0046_0.png,10,4671,56.1216,0.1425,32.6206,0.8673,1.9078,2.0217,2.2725,2.2814,0.062341,0.02122
MCUCXR_0046_0.png,20,7842,33.4282,0.2393,35.7303,0.9223,2.2752,2.3433,2.7807,2.8413,0.073396,0.030915
MCUCXR_0046_0.png,30,10408,25.1868,0.3176,37.6539,0.9485,2.4458,2.5259,3.012,3.0419,0.082579,0.038327
MCUCXR_0046_0.png,50,14510,18.0664,0.4428,39.9597,0.9666,2.6455,2.7307,3.2149,3.2496,0.10021,0.050175
MCUCXR_0046_0.png,70,19868,13.1943,0.6063,42.1906,0.9697,2.768,2.8374,3.3528,3.3967,0.136399,0.065927
MCUCXR_0046_0.png,90,36060,7.2697,1.1005,46.6944,0.9912,3.0105,3.0576,3.5241,3.5604,0.183655,0.116412
MCUCXR_0047_0.png,10,4028,65.0804,0.1229,33.2101,0.8878,1.7578,1.8313,2.1518,2.1715,0.058987,0.018469
MCUCXR_0047_0.png,20,6781,38.6586,0.2069,36.4099,0.9369,2.1486,2.2632,2.7216,2.7877,0.067663,0.026612
MCUCXR_0047_0.png,30,8904,29.4412,0.2717,38.3551,0.9574,2.314,2.4275,2.9536,2.9901,0.076302,0.034677
MCUCXR_0047_0.png,50,12424,21.0998,0.3792,40.6652,0.9724,2.5287,2.6206,3.1744,3.1967,0.090427,0.044305
MCUCXR_0047_0.png,70,16952,15.4639,0.5173,42.7719,0.9598,2.6729,2.7285,3.3218,3.3681,0.106828,0.060143
MCUCXR_0047_0.png,90,30884,8.488,0.9425,47.5301,0.9922,2.932,2.9812,3.5336,3.5643,0.160087,0.099583
MCUCXR_0048_0.png,10,3544,73.9684,0.1082,33.8733,0.9135,1.4913,1.5952,2.0838,2.1194,0.057385,0.017137
MCUCXR_0048_0.png,20,5878,44.5975,0.1794,37.1376,0.953,1.8703,1.9407,2.6925,2.7318,0.082521,0.023742
MCUCXR_0048_0.png,30,7763,33.7684,0.2369,39.2203,0.9687,2.042,2.1013,2.9471,2.9989,0.071783,0.031222
MCUCXR_0048_0.png,50,10531,24.8926,0.3214,41.5588,0.9806,2.2379,2.2974,3.1462,3.1687,0.081553,0.0384
MCUCXR_0048_0.png,70,14196,18.466,0.4332,43.358,0.945,2.3808,2.4399,3.3223,3.3531,0.093253,0.048956
MCUCXR_0048_0.png,90,25151,10.4228,0.7675,48.7421,0.9946,2.6405,2.7073,3.5435,3.5657,0.132218,0.082243
MCUCXR_0049_0.png,10,3855,68.001,0.1176,33.6265,0.901,1.6799,1.77,2.0908,2.1121,0.0584,0.017543
MCUCXR_0049_0.png,20,6398,40.9728,0.1953,36.8369,0.9464,2.0451,2.1501,2.6829,2.7382,0.066708,0.025702
MCUCXR_0049_0.png,30,8451,31.0193,0.2579,38.7494,0.9629,2.2056,2.2947,2.9279,2.9711,0.076154,0.032841
MCUCXR_0049_0.png,50,11714,22.3787,0.3575,41.0503,0.9762,2.3968,2.4949,3.1533,3.1742,0.105306,0.04323
MCUCXR_0049_0.png,70,15901,16.486,0.4853,42.8734,0.9432,2.5381,2.6428,3.3083,3.3489,0.101988,0.053591
MCUCXR_0049_0.png,90,28526,9.1897,0.8705,47.8133,0.9932,2.7713,2.8386,3.5227,3.5468,0.148355,0.091055
MCUCXR_0051_0.png,10,4129,63.4885,0.126,32.9488,0.8659,1.8592,1.9856,2.048,2.0654,0.060418,0.019055
MCUCXR_0051_0.png,20,7269,36.0633,0.2218,36.2129,0.9279,2.2353,2.3105,2.6507,2.7326,0.073512,0.029103
MCUCXR_0051_0.png,30,9775,26.8178,0.2983,38.0544,0.9504,2.4221,2.5322,2.9347,2.9629,0.080433,0.035961
MCUCXR_0051_0.png,50,13860,18.9137,0.423,40.3394,0.9683,2.6052,2.6877,3.1487,3.1848,0.09651,0.048627
MCUCXR_0051_0.png,70,19128,13.7047,0.5837,42.4688,0.9771,2.7348,2.7944,3.2974,3.3477,0.116554,0.066855
MCUCXR_0051_0.png,90,35773,7.328,1.0917,46.716,0.9902,2.97,3.0217,3.5069,3.5444,0.19629,0.116029
