wavelet,levels,per_level_tables,table_mode,bpp,psnr,ssim,compression_ratio,compressed_bytes,encode_time_s,decode_time_s
bior2.2,3,False,single,0.2513,39.056,0.9584,32.2811,8235.4,0.094,0.0653
bior2.2,3,True,per_level,0.248,39.056,0.9584,32.6718,8126.0,0.09223,0.06698
bior2.2,4,False,single,0.1913,37.5358,0.9483,42.4267,6267.7,0.08944,0.05835
bior2.2,4,True,per_level,0.186,37.5358,0.9483,43.5407,6093.0,0.08629,0.05575
bior2.2,5,False,single,0.1564,36.0461,0.9372,51.8385,5124.6,0.08151,0.0541
bior2.2,5,True,per_level,0.1515,36.0461,0.9372,53.4033,4964.2,0.0822,0.0502
bior4.4,3,False,single,0.2389,38.6423,0.9492,33.9401,7827.4,0.08989,0.05942
bior4.4,3,True,per_level,0.2384,38.6423,0.9492,33.9705,7812.8,0.09955,0.06686
bior4.4,4,False,single,0.1792,37.106,0.9387,45.1993,5870.2,0.08843,0.05397
bior4.4,4,True,per_level,0.1777,37.106,0.9387,45.4925,5821.9,0.08979,0.05867
bior4.4,5,False,single,0.1477,35.6224,0.924,54.8972,4838.6,0.08126,0.05121
bior4.4,5,True,per_level,0.1461,35.6224,0.924,55.4124,4786.0,0.07843,0.04862
db2,3,False,single,0.2374,38.3923,0.9484,34.1092,7778.0,0.0876,0.05233
db2,3,True,per_level,0.2355,38.3923,0.9484,34.3441,7717.3,0.08998,0.05328
db2,4,False,single,0.1783,36.9007,0.9351,45.4248,5841.9,0.08018,0.0485
db2,4,True,per_level,0.1745,36.9007,0.9351,46.3633,5716.8,0.0808,0.05338
db2,5,False,single,0.1432,35.4107,0.9204,56.4795,4692.4,0.07679,0.0467
db2,5,True,per_level,0.139,35.4107,0.9204,58.1254,4554.5,0.07726,0.04408
haar,3,False,single,0.2861,36.4797,0.9222,28.4136,9375.8,0.09867,0.06576
haar,3,True,per_level,0.2784,36.4797,0.9222,29.1601,9122.3,0.10196,0.07115
haar,4,False,single,0.2146,35.099,0.9026,37.8616,7031.6,0.09134,0.06077
haar,4,True,per_level,0.2048,35.099,0.9026,39.6003,6709.3,0.09065,0.05793
haar,5,False,single,0.168,33.7631,0.881,48.1937,5504.4,0.08019,0.05209
haar,5,True,per_level,0.1591,33.7631,0.881,50.8273,5213.2,0.08122,0.04944
