filename,wavelet,levels,quality,compressed_bytes,compression_ratio,bpp,psnr,ssim,ll_entropy,ll_avg_code_length,detail_entropy,detail_avg_code_length,encode_time_s,decode_time_s
MCUCXR_0001_0.png,bior4.4,4,10,1098,238.7468,0.0335,28.0017,0.787,2.1649,2.2169,1.622,1.8447,0.061883,0.033442
MCUCXR_0001_0.png,bior4.4,4,20,1654,158.4909,0.0505,29.3364,0.8489,2.3857,2.4769,1.6441,1.8889,0.062955,0.032667
MCUCXR_0001_0.png,bior4.4,4,30,2439,107.4801,0.0744,31.3767,0.8905,2.598,2.71,1.9882,2.1267,0.071178,0.039716
MCUCXR_0001_0.png,bior4.4,4,50,5726,45.7813,0.1747,37.3303,0.9416,2.9193,2.9806,2.3731,2.434,0.088743,0.072208
MCUCXR_0001_0.png,bior4.4,4,70,12170,21.5402,0.3714,42.0594,0.9739,3.1513,3.1775,3.1119,3.13,0.135419,0.074411
MCUCXR_0001_0.png,bior4.4,4,90,25055,10.4627,0.7646,46.5038,0.9887,3.3393,3.3687,3.7931,3.8161,0.165205,0.116543
MCUCXR_0002_0.png,bior4.4,4,10,1119,234.2663,0.0341,28.8864,0.8443,2.3246,2.4312,1.5847,1.8529,0.062755,0.0318
MCUCXR_0002_0.png,bior4.4,4,20,1626,161.2202,0.0496,30.4059,0.8674,2.5628,2.6356,1.6689,1.9213,0.068204,0.040397
MCUCXR_0002_0.png,bior4.4,4,30,2422,108.2345,0.0739,32.4532,0.8897,2.7677,2.8369,2.1193,2.2422,0.070631,0.046545
MCUCXR_0002_0.png,bior4.4,4,50,5898,44.4463,0.18,36.7903,0.934,3.0636,3.1356,2.5954,2.633,0.081311,0.054138
MCUCXR_0002_0.png,bior4.4,4,70,13804,18.9904,0.4213,41.3066,0.9676,3.2423,3.2969,3.0073,3.0215,0.116512,0.098882
MCUCXR_0002_0.png,bior4.4,4,90,29532,8.8766,0.9012,45.3647,0.9843,3.3864,3.4275,3.702,3.7314,0.181462,0.118749
MCUCXR_0003_0.png,bior4.4,4,10,1252,209.3802,0.0382,27.2998,0.8355,2.242,2.3319,1.9076,2.027,0.083086,0.032296
MCUCXR_0003_0.png,bior4.4,4,20,1942,134.9866,0.0593,29.3556,0.8572,2.5005,2.6006,2.035,2.1505,0.062743,0.034034
MCUCXR_0003_0.png,bior4.4,4,30,2757,95.0831,0.0841,30.8522,0.878,2.7254,2.7956,2.2971,2.3686,0.072498,0.038865
MCUCXR_0003_0.png,bior4.4,4,50,6682,39.2314,0.2039,36.7818,0.9346,3.0431,3.1019,2.4805,2.52,0.089489,0.075463
MCUCXR_0003_0.png,bior4.4,4,70,14388,18.2196,0.4391,41.6618,0.9716,3.2847,3.3462,3.1165,3.1395,0.138687,0.077741
MCUCXR_0003_0.png,bior4.4,4,90,28841,9.0893,0.8802,46.5029,0.9888,3.458,3.5288,3.7546,3.777,0.175993,0.148815
MCUCXR_0004_0.png,bior4.4,4,10,1111,235.9532,0.0339,27.9278,0.6679,2.0208,2.0706,2.3426,2.402,0.064988,0.034992
MCUCXR_0004_0.png,bior4.4,4,20,1583,165.5995,0.0483,29.2933,0.8365,2.2385,2.2812,2.6507,2.6771,0.070006,0.041877
MCUCXR_0004_0.png,bior4.4,4,30,2517,104.1494,0.0768,31.4111,0.903,2.4042,2.4481,2.5037,2.5474,0.066943,0.037811
MCUCXR_0004_0.png,bior4.4,4,50,6161,42.5489,0.188,37.0904,0.9535,2.6777,2.7419,2.6953,2.7089,0.085349,0.055324
MCUCXR_0004_0.png,bior4.4,4,70,12746,20.5668,0.389,42.616,0.9818,2.8904,2.95,3.305,3.3656,0.107174,0.074647
MCUCXR_0004_0.png,bior4.4,4,90,24187,10.8382,0.7381,47.6491,0.993,3.0413,3.1113,3.9055,3.925,0.155722,0.1018
MCUCXR_0005_0.png,bior4.4,4,10,1258,208.3816,0.0384,27.3939,0.7734,2.2443,2.3788,1.8415,2.0137,0.06415,0.03433
MCUCXR_0005_0.png,bior4.4,4,20,1930,135.8259,0.0589,29.3786,0.834,2.4839,2.6006,1.7978,1.9817,0.069381,0.035569
MCUCXR_0005_0.png,bior4.4,4,30,2806,93.4227,0.0856,31.2453,0.8707,2.6798,2.7675,2.1098,2.219,0.078218,0.049664
MCUCXR_0005_0.png,bior4.4,4,50,6686,39.2079,0.204,36.5224,0.9292,2.9794,3.0562,2.5001,2.5433,0.087486,0.056133
MCUCXR_0005_0.png,bior4.4,4,70,14403,18.2007,0.4395,41.4676,0.9692,3.154,3.2163,3.2672,3.3036,0.119088,0.079553
MCUCXR_0005_0.png,bior4.4,4,90,29858,8.7797,0.9112,46.2549,0.9879,3.2678,3.3237,3.8149,3.8331,0.211766,0.170789
MCUCXR_0006_0.png,bior4.4,4,10,1125,233.0169,0.0343,29.402,0.8848,2.3158,2.4337,1.3521,1.6932,0.061981,0.033938
MCUCXR_0006_0.png,bior4.4,4,20,1516,172.9182,0.0463,31.1634,0.9005,2.5404,2.6138,2.0632,2.2107,0.068611,0.045064
MCUCXR_0006_0.png,bior4.4,4,30,2236,117.2379,0.0682,33.1509,0.9142,2.742,2.8031,2.1483,2.2721,0.069713,0.035238
MCUCXR_0006_0.png,bior4.4,4,50,5202,50.3929,0.1588,37.7501,0.9473,3.0852,3.1419,2.6633,2.6945,0.07955,0.070939
MCUCXR_0006_0.png,bior4.4,4,70,12125,21.6201,0.37,42.461,0.9747,3.3261,3.3887,2.8013,2.8195,0.112775,0.067755
MCUCXR_0006_0.png,bior4.4,4,90,25579,10.2484,0.7806,46.7107,0.9882,3.5141,3.5587,3.5369,3.5992,0.170059,0.144193
MCUCXR_0008_0.png,bior4.4,4,10,1171,223.8634,0.0357,27.6815,0.7892,2.2396,2.3106,1.968,2.0915,0.062535,0.032484
MCUCXR_0008_0.png,bior4.4,4,20,1674,156.5974,0.0511,29.0067,0.8271,2.4765,2.5956,2.6267,2.6539,0.063035,0.033151
MCUCXR_0008_0.png,bior4.4,4,30,2581,101.5668,0.0788,30.7848,0.8645,2.644,2.7506,2.6477,2.681,0.065299,0.036401
MCUCXR_0008_0.png,bior4.4,4,50,6758,38.7902,0.2062,35.9933,0.9291,2.9839,3.04,2.5756,2.6049,0.101017,0.048518
MCUCXR_0008_0.png,bior4.4,4,70,14831,17.6754,0.4526,41.1987,0.9698,3.1875,3.2212,3.2475,3.293,0.127019,0.079141
MCUCXR_0008_0.png,bior4.4,4,90,30415,8.6189,0.9282,46.1853,0.9884,3.3381,3.3781,3.8162,3.8381,0.199744,0.126234
MCUCXR_0011_0.png,bior4.4,4,10,1161,225.7916,0.0354,27.023,0.7328,2.2075,2.2912,2.1631,2.2474,0.063503,0.032896
MCUCXR_0011_0.png,bior4.4,4,20,1764,148.6077,0.0538,28.485,0.8323,2.4105,2.54,2.4194,2.4614,0.065449,0.035375
MCUCXR_0011_0.png,bior4.4,4,30,2816,93.0909,0.0859,30.3306,0.8803,2.6158,2.7406,2.4918,2.5315,0.067892,0.036921
MCUCXR_0011_0.png,bior4.4,4,50,6986,37.5242,0.2132,36.3391,0.9359,2.9415,3.0031,2.7395,2.7455,0.083316,0.050341
MCUCXR_0011_0.png,bior4.4,4,70,14990,17.4879,0.4575,41.4192,0.9741,3.1143,3.1406,3.3014,3.3617,0.115367,0.073607
MCUCXR_0011_0.png,bior4.4,4,90,29886,8.7715,0.912,46.5665,0.9902,3.2831,3.3169,3.8497,3.8707,0.165753,0.118855
MCUCXR_0013_0.png,bior4.4,4,10,1092,240.0586,0.0333,28.8532,0.864,2.3022,2.3981,1.9078,2.0916,0.06045,0.031372
MCUCXR_0013_0.png,bior4.4,4,20,1523,172.1234,0.0465,30.8688,0.8856,2.5596,2.6644,2.3522,2.4294,0.062347,0.03403
MCUCXR_0013_0.png,bior4.4,4,30,2311,113.4331,0.0705,33.1427,0.9038,2.7831,2.8363,2.3876,2.4626,0.066503,0.034735
MCUCXR_0013_0.png,bior4.4,4,50,5328,49.2012,0.1626,37.4358,0.9419,3.1262,3.1869,2.8709,2.8891,0.076684,0.045309
MCUCXR_0013_0.png,bior4.4,4,70,12506,20.9615,0.3817,42.1159,0.9729,3.3383,3.3881,3.0871,3.1072,0.105021,0.06873
MCUCXR_0013_0.png,bior4.4,4,90,26024,10.0732,0.7942,46.3773,0.9875,3.4679,3.5056,3.7465,3.7674,0.155234,0.109506
MCUCXR_0015_0.png,bior4.4,4,10,1177,222.7222,0.0359,28.5075,0.8177,2.3815,2.5081,1.9013,2.0931,0.064178,0.03285
MCUCXR_0015_0.png,bior4.4,4,20,1680,156.0381,0.0513,30.043,0.8509,2.5821,2.6719,1.9627,2.1337,0.063722,0.032289
MCUCXR_0015_0.png,bior4.4,4,30,2453,106.8667,0.0749,32.1303,0.8766,2.74,2.8531,2.4959,2.5482,0.067246,0.033401
MCUCXR_0015_0.png,bior4.4,4,50,6027,43.4949,0.1839,36.444,0.9302,3.0593,3.1338,3.0106,3.0308,0.082702,0.049234
MCUCXR_0015_0.png,bior4.4,4,70,14588,17.9698,0.4452,40.9333,0.9679,3.2387,3.3025,3.1198,3.1413,0.111289,0.073983
MCUCXR_0015_0.png,bior4.4,4,90,31429,8.3408,0.9591,45.5101,0.9863,3.3406,3.4019,3.7614,3.785,0.170724,0.124505
MCUCXR_0016_0.png,bior4.4,4,10,1170,224.0547,0.0357,27.999,0.8596,2.2834,2.3719,1.7031,1.8851,0.062969,0.034545
MCUCXR_0016_0.png,bior4.4,4,20,1786,146.7772,0.0545,30.0587,0.8817,2.5571,2.6456,1.6264,1.8589,0.064152,0.034932
MCUCXR_0016_0.png,bior4.4,4,30,2584,101.4489,0.0789,32.0255,0.9044,2.7765,2.8244,2.0051,2.1473,0.068571,0.037418
MCUCXR_0016_0.png,bior4.4,4,50,5990,43.7636,0.1828,37.6665,0.9466,3.1132,3.1688,2.1757,2.2891,0.084695,0.048487
MCUCXR_0016_0.png,bior4.4,4,70,12423,21.1015,0.3791,42.7118,0.9762,3.3508,3.3994,2.8723,2.8921,0.109448,0.070423
MCUCXR_0016_0.png,bior4.4,4,90,24946,10.5085,0.7613,47.4263,0.9902,3.5112,3.5494,3.6245,3.6751,0.152893,0.106632
MCUCXR_0017_0.png,bior4.4,4,10,1387,189.0007,0.0423,26.7125,0.7035,2.2295,2.2969,2.0869,2.216,0.06285,0.034193
MCUCXR_0017_0.png,bior4.4,4,20,2071,126.5785,0.0632,28.6671,0.8316,2.4343,2.5263,2.308,2.4062,0.065522,0.034612
MCUCXR_0017_0.png,bior4.4,4,30,3314,79.102,0.1011,30.8282,0.8916,2.6309,2.7194,1.9743,2.142,0.074466,0.040009
MCUCXR_0017_0.png,bior4.4,4,50,7148,36.6738,0.2181,36.4961,0.9457,2.9726,3.0375,2.5211,2.5808,0.082961,0.049265
MCUCXR_0017_0.png,bior4.4,4,70,13802,18.9932,0.4212,42.1831,0.979,3.143,3.2019,3.419,3.4616,0.105548,0.068745
MCUCXR_0017_0.png,bior4.4,4,90,26056,10.0608,0.7952,47.6921,0.9927,3.303,3.325,3.9363,3.9593,0.146647,0.105819
MCUCXR_0019_0.png,bior4.4,4,10,1192,219.9195,0.0364,27.6843,0.7685,2.1682,2.2494,1.8487,2.0181,0.059946,0.031463
MCUCXR_0019_0.png,bior4.4,4,20,1851,141.6229,0.0565,29.6748,0.8445,2.4028,2.5294,1.793,1.9784,0.062835,0.03379
MCUCXR_0019_0.png,bior4.4,4,30,2585,101.4097,0.0789,31.2855,0.8815,2.586,2.7181,2.3039,2.3848,0.066289,0.033029
MCUCXR_0019_0.png,bior4.4,4,50,6140,42.6945,0.1874,37.3014,0.9381,2.8987,2.9369,2.4334,2.4912,0.078372,0.044633
MCUCXR_0019_0.png,bior4.4,4,70,12760,20.5442,0.3894,42.2258,0.9736,3.1455,3.1875,3.1859,3.2086,0.103078,0.066388
MCUCXR_0019_0.png,bior4.4,4,90,25649,10.2204,0.7827,46.9697,0.9896,3.332,3.3831,3.9126,3.9338,0.148968,0.105966
MCUCXR_0020_0.png,bior4.4,4,10,1149,228.1497,0.0351,29.0523,0.8543,2.345,2.5231,1.6165,1.866,0.060372,0.03166
MCUCXR_0020_0.png,bior4.4,4,20,1631,160.7259,0.0498,30.6776,0.8804,2.5761,2.7025,1.6321,1.8941,0.063467,0.03203
MCUCXR_0020_0.png,bior4.4,4,30,2309,113.5314,0.0705,32.6973,0.8994,2.7857,2.89,2.2114,2.3195,0.065461,0.034704
MCUCXR_0020_0.png,bior4.4,4,50,5507,47.602,0.1681,37.4264,0.9416,3.0783,3.145,2.8053,2.8263,0.0816,0.061991
MCUCXR_0020_0.png,bior4.4,4,70,12896,20.3275,0.3936,42.1509,0.9731,3.2601,3.3281,2.9763,2.9916,0.114221,0.068555
MCUCXR_0020_0.png,bior4.4,4,90,27060,9.6875,0.8258,46.6825,0.9887,3.4007,3.4544,3.6113,3.6505,0.18281,0.122132
MCUCXR_0021_0.png,bior4.4,4,10,1037,252.7907,0.0316,27.2424,0.7201,1.9924,2.0562,1.9357,2.0554,0.067561,0.028971
MCUCXR_0021_0.png,bior4.4,4,20,1672,156.7847,0.051,29.7812,0.8415,2.2648,2.3262,1.8224,1.9855,0.058815,0.033312
MCUCXR_0021_0.png,bior4.4,4,30,2442,107.3481,0.0745,31.6843,0.8932,2.4904,2.5987,2.2427,2.3101,0.063376,0.035883
MCUCXR_0021_0.png,bior4.4,4,50,5830,44.9647,0.1779,37.4091,0.9423,2.833,2.9219,2.5941,2.6263,0.083042,0.047276
MCUCXR_0021_0.png,bior4.4,4,70,12332,21.2572,0.3763,42.5281,0.9766,3.0719,3.1263,3.1957,3.2293,0.10049,0.067834
MCUCXR_0021_0.png,bior4.4,4,90,24303,10.7865,0.7417,47.5679,0.9912,3.2632,3.3094,3.803,3.8255,0.192373,0.13711
MCUCXR_0022_0.png,bior4.4,4,10,1203,217.9086,0.0367,29.2227,0.8357,2.4316,2.5137,1.2865,1.6472,0.059149,0.030108
MCUCXR_0022_0.png,bior4.4,4,20,1608,163.0249,0.0491,30.6703,0.851,2.6419,2.7425,2.1563,2.2782,0.062399,0.034783
MCUCXR_0022_0.png,bior4.4,4,30,2420,108.324,0.0739,32.5896,0.8727,2.8054,2.9094,2.3362,2.4321,0.063952,0.032789
MCUCXR_0022_0.png,bior4.4,4,50,5761,45.5032,0.1758,36.6022,0.9226,3.0647,3.1025,3.0157,3.0339,0.080582,0.059181
MCUCXR_0022_0.png,bior4.4,4,70,14480,18.1039,0.4419,40.9508,0.9635,3.2191,3.2644,3.0996,3.1208,0.138432,0.075395
MCUCXR_0022_0.png,bior4.4,4,90,31866,8.2264,0.9725,45.4517,0.9852,3.3256,3.3912,3.7941,3.8135,0.176148,0.143565
MCUCXR_0023_0.png,bior4.4,4,10,1137,230.5576,0.0347,29.6167,0.8535,2.4127,2.5275,1.4658,1.7723,0.062868,0.039022
MCUCXR_0023_0.png,bior4.4,4,20,1609,162.9236,0.0491,31.245,0.8744,2.6054,2.7138,1.6847,1.9238,0.064154,0.031147
MCUCXR_0023_0.png,bior4.4,4,30,2285,114.7239,0.0697,33.1895,0.8888,2.7775,2.8206,2.1957,2.2935,0.067551,0.04055
MCUCXR_0023_0.png,bior4.4,4,50,5385,48.6804,0.1643,37.1921,0.9315,3.0982,3.1437,2.9114,2.9289,0.078341,0.046277
MCUCXR_0023_0.png,bior4.4,4,70,13252,19.7815,0.4044,41.4542,0.9667,3.2263,3.2856,3.0114,3.0257,0.128618,0.091511
MCUCXR_0023_0.png,bior4.4,4,90,29543,8.8733,0.9016,45.893,0.9862,3.3568,3.4006,3.72,3.7456,0.170529,0.135121
MCUCXR_0024_0.png,bior4.4,4,10,1079,242.9509,0.0329,28.3194,0.7832,2.0613,2.1225,1.8272,1.9653,0.057471,0.030501
MCUCXR_0024_0.png,bior4.4,4,20,1633,160.5291,0.0498,30.765,0.8681,2.3343,2.4244,1.7988,1.9654,0.060655,0.031915
MCUCXR_0024_0.png,bior4.4,4,30,2323,112.8472,0.0709,33.318,0.9045,2.5124,2.6144,2.0532,2.1578,0.06383,0.038437
MCUCXR_0024_0.png,bior4.4,4,50,4956,52.8943,0.1512,37.8002,0.948,2.8528,2.9075,2.7788,2.8001,0.074946,0.058556
MCUCXR_0024_0.png,bior4.4,4,70,11156,23.498,0.3405,43.0145,0.9795,3.0949,3.1419,3.2291,3.2738,0.103709,0.060476
MCUCXR_0024_0.png,bior4.4,4,90,22876,11.4593,0.6981,47.6905,0.9915,3.2983,3.35,3.6482,3.6781,0.159021,0.141305
MCUCXR_0026_0.png,bior4.4,4,10,1020,257.0039,0.0311,27.3645,0.6973,1.9191,1.9581,2.1064,2.2104,0.080156,0.033199
MCUCXR_0026_0.png,bior4.4,4,20,1664,157.5385,0.0508,29.8349,0.8445,2.1291,2.1763,2.0024,2.0994,0.059727,0.036953
MCUCXR_0026_0.png,bior4.4,4,30,2502,104.7738,0.0764,31.9736,0.9109,2.3392,2.3912,2.3571,2.4018,0.063447,0.036274
MCUCXR_0026_0.png,bior4.4,4,50,5811,45.1117,0.1773,37.6122,0.9562,2.6737,2.7462,2.5857,2.6016,0.093824,0.062645
MCUCXR_0026_0.png,bior4.4,4,70,11882,22.0623,0.3626,43.0249,0.9818,2.9365,3.0187,3.1321,3.1699,0.116688,0.101284
MCUCXR_0026_0.png,bior4.4,4,90,22271,11.7706,0.6797,48.2979,0.9933,3.1677,3.2494,3.8041,3.8236,0.157694,0.136162
MCUCXR_0027_0.png,bior4.4,4,10,1049,249.899,0.032,27.8487,0.72,2.1357,2.1837,1.824,1.9931,0.05851,0.031985
MCUCXR_0027_0.png,bior4.4,4,20,1635,160.3327,0.0499,30.1296,0.8421,2.376,2.4663,1.9263,2.0743,0.067219,0.037596
MCUCXR_0027_0.png,bior4.4,4,30,2401,109.1812,0.0733,32.1249,0.8935,2.5812,2.685,2.2965,2.3642,0.063727,0.03453
MCUCXR_0027_0.png,bior4.4,4,50,5560,47.1482,0.1697,37.4117,0.9435,2.8936,2.9294,2.6419,2.6719,0.082248,0.045944
MCUCXR_0027_0.png,bior4.4,4,70,11956,21.9257,0.3649,42.4421,0.9767,3.0854,3.1194,3.4421,3.5124,0.121123,0.070331
MCUCXR_0027_0.png,bior4.4,4,90,24373,10.7555,0.7438,47.2428,0.9909,3.2314,3.265,3.8128,3.8334,0.167279,0.137606
MCUCXR_0028_0.png,bior4.4,4,10,1054,248.7135,0.0322,27.5517,0.7106,2.067,2.1106,2.0054,2.1169,0.063722,0.04058
MCUCXR_0028_0.png,bior4.4,4,20,1648,159.068,0.0503,29.8403,0.8492,2.3177,2.3737,2.0397,2.1491,0.060509,0.033017
MCUCXR_0028_0.png,bior4.4,4,30,2519,104.0667,0.0769,31.6701,0.9063,2.5266,2.6212,2.299,2.3581,0.064561,0.041557
MCUCXR_0028_0.png,bior4.4,4,50,5869,44.6659,0.1791,37.4602,0.9508,2.8472,2.9263,2.5862,2.6036,0.086896,0.055989
MCUCXR_0028_0.png,bior4.4,4,70,12331,21.2589,0.3763,42.8382,0.9796,3.0678,3.1106,3.1916,3.2322,0.120581,0.095996
MCUCXR_0028_0.png,bior4.4,4,90,23335,11.2339,0.7121,47.901,0.9922,3.1936,3.2237,3.8495,3.8695,0.152453,0.118335
MCUCXR_0029_0.png,bior4.4,4,10,1009,259.8057,0.0308,27.7676,0.7601,2.0231,2.09,1.7751,1.9574,0.09589,0.030643
MCUCXR_0029_0.png,bior4.4,4,20,1585,165.3905,0.0484,30.1813,0.8575,2.2899,2.3606,1.6284,1.8452,0.063028,0.032497
MCUCXR_0029_0.png,bior4.4,4,30,2332,112.4117,0.0712,32.1884,0.9009,2.5497,2.6625,2.1321,2.2279,0.06381,0.034748
MCUCXR_0029_0.png,bior4.4,4,50,5489,47.7581,0.1675,37.559,0.9432,2.8728,2.95,2.4544,2.5031,0.081719,0.05204
MCUCXR_0029_0.png,bior4.4,4,70,11791,22.2326,0.3598,42.7208,0.9763,3.147,3.205,3.1684,3.1999,0.104828,0.063534
MCUCXR_0029_0.png,bior4.4,4,90,23920,10.9592,0.73,47.6011,0.9905,3.3118,3.3631,3.68,3.7067,0.15408,0.132068
MCUCXR_0030_0.png,bior4.4,4,10,1125,233.0169,0.0343,29.5959,0.8333,2.3832,2.49,1.4854,1.7905,0.059714,0.030872
MCUCXR_0030_0.png,bior4.4,4,20,1605,163.3296,0.049,31.1264,0.866,2.5985,2.73,1.731,1.9567,0.060982,0.034474
MCUCXR_0030_0.png,bior4.4,4,30,2293,114.3236,0.07,32.9418,0.8857,2.7658,2.9081,2.1714,2.2746,0.064872,0.033511
MCUCXR_0030_0.png,bior4.4,4,50,5531,47.3954,0.1688,36.9868,0.9305,3.0649,3.1075,2.839,2.8583,0.07846,0.054147
MCUCXR_0030_0.png,bior4.4,4,70,13659,19.192,0.4168,41.3688,0.9672,3.2091,3.2756,3.0583,3.077,0.13669,0.1001
MCUCXR_0030_0.png,bior4.4,4,90,29896,8.7685,0.9124,45.8542,0.9863,3.344,3.3887,3.7621,3.784,0.180807,0.156823
MCUCXR_0031_0.png,bior4.4,4,10,1169,224.2464,0.0357,28.7691,0.8202,2.3746,2.4844,1.8566,2.0629,0.059197,0.030184
MCUCXR_0031_0.png,bior4.4,4,20,1664,157.5385,0.0508,30.1395,0.847,2.6058,2.7106,1.8417,2.0465,0.059998,0.033128
MCUCXR_0031_0.png,bior4.4,4,30,2443,107.3041,0.0746,32.0988,0.8708,2.786,2.9188,2.3537,2.4319,0.067387,0.035775
MCUCXR_0031_0.png,bior4.4,4,50,5921,44.2736,0.1807,36.3024,0.9234,3.071,3.1162,2.9268,2.9436,0.075425,0.044256
MCUCXR_0031_0.png,bior4.4,4,70,14802,17.71,0.4517,40.7501,0.9641,3.2407,3.2938,3.0822,3.1025,0.115335,0.100404
MCUCXR_0031_0.png,bior4.4,4,90,32480,8.0709,0.9912,45.2306,0.9848,3.3517,3.4231,3.8024,3.824,0.186909,0.149417
MCUCXR_0035_0.png,bior4.4,4,10,1238,211.748,0.0378,26.8183,0.7124,2.1885,2.2619,1.9173,2.0332,0.07312,0.03988
MCUCXR_0035_0.png,bior4.4,4,20,1971,133.0005,0.0602,28.8736,0.8237,2.4023,2.4931,1.9142,2.0379,0.066195,0.044862
MCUCXR_0035_0.png,bior4.4,4,30,2974,88.1453,0.0908,30.812,0.8713,2.5798,2.6987,2.2207,2.288,0.070452,0.053376
MCUCXR_0035_0.png,bior4.4,4,50,7088,36.9842,0.2163,36.0299,0.93,2.8791,2.945,2.6917,2.71,0.090743,0.053193
MCUCXR_0035_0.png,bior4.4,4,70,15396,17.0268,0.4698,41.1931,0.9724,3.1042,3.1431,3.3982,3.4648,0.126598,0.076993
MCUCXR_0035_0.png,bior4.4,4,90,30824,8.5045,0.9407,46.3756,0.9901,3.2824,3.3256,3.8885,3.9117,0.182115,0.153612
MCUCXR_0038_0.png,bior4.4,4,10,1116,234.8961,0.0341,27.5599,0.7241,2.1808,2.2163,2.0134,2.1365,0.060687,0.038595
MCUCXR_0038_0.png,bior4.4,4,20,1711,153.211,0.0522,29.6328,0.8302,2.386,2.4575,2.0073,2.1381,0.065832,0.032654
MCUCXR_0038_0.png,bior4.4,4,30,2496,105.0256,0.0762,31.6113,0.876,2.5645,2.6694,2.3336,2.3982,0.065919,0.035945
MCUCXR_0038_0.png,bior4.4,4,50,6064,43.2296,0.1851,36.4025,0.9331,2.8755,2.9406,2.7081,2.7361,0.080402,0.050634
MCUCXR_0038_0.png,bior4.4,4,70,13668,19.1794,0.4171,41.2768,0.9729,3.103,3.1263,3.3027,3.3519,0.119302,0.085558
MCUCXR_0038_0.png,bior4.4,4,90,28757,9.1158,0.8776,46.2622,0.9898,3.225,3.2625,3.8396,3.8567,0.173327,0.141737
MCUCXR_0040_0.png,bior4.4,4,10,1168,224.4384,0.0356,26.8999,0.7379,2.2124,2.3156,2.0322,2.1499,0.05998,0.029944
MCUCXR_0040_0.png,bior4.4,4,20,1872,140.0342,0.0571,29.4295,0.8318,2.4276,2.5638,2.0846,2.1682,0.062688,0.033754
MCUCXR_0040_0.png,bior4.4,4,30,2926,89.5913,0.0893,31.4963,0.8789,2.6322,2.7481,2.3485,2.3978,0.067884,0.035946
MCUCXR_0040_0.png,bior4.4,4,50,6432,40.7562,0.1963,36.1078,0.9319,2.9367,2.995,3.0714,3.0892,0.083407,0.052901
MCUCXR_0040_0.png,bior4.4,4,70,14854,17.648,0.4533,41.1155,0.9672,3.1541,3.1987,3.3046,3.3509,0.119441,0.081152
MCUCXR_0040_0.png,bior4.4,4,90,30647,8.5537,0.9353,45.922,0.9873,3.3178,3.3613,3.9026,3.9247,0.16443,0.137349
MCUCXR_0041_0.png,bior4.4,4,10,1059,247.5392,0.0323,27.9512,0.7331,1.9896,2.05,1.665,1.8964,0.066897,0.04421
MCUCXR_0041_0.png,bior4.4,4,20,1596,164.2506,0.0487,30.2224,0.8545,2.2343,2.3037,1.6982,1.9215,0.059578,0.032619
MCUCXR_0041_0.png,bior4.4,4,30,2290,114.4734,0.0699,32.5535,0.9042,2.4129,2.47,2.0125,2.1641,0.065503,0.036243
MCUCXR_0041_0.png,bior4.4,4,50,5250,49.9322,0.1602,38.2395,0.9511,2.9196,2.9863,2.0562,2.1938,0.080666,0.048568
MCUCXR_0041_0.png,bior4.4,4,70,10409,25.1844,0.3177,43.3567,0.9794,3.0072,3.0838,2.7044,2.7352,0.123459,0.061529
MCUCXR_0041_0.png,bior4.4,4,90,21039,12.4599,0.6421,48.1856,0.9919,3.1524,3.2088,3.4408,3.4902,0.141054,0.09971
MCUCXR_0042_0.png,bior4.4,4,10,1002,261.6208,0.0306,27.2746,0.6459,1.8011,1.9,2.1326,2.233,0.074527,0.033005
MCUCXR_0042_0.png,bior4.4,4,20,1608,163.0249,0.0491,29.2364,0.8373,2.0104,2.0669,1.7274,1.9412,0.061662,0.031589
MCUCXR_0042_0.png,bior4.4,4,30,2479,105.7459,0.0757,31.6454,0.908,2.1764,2.245,1.9178,2.0802,0.066774,0.036307
MCUCXR_0042_0.png,bior4.4,4,50,5722,45.8134,0.1746,37.1406,0.9549,2.6759,2.7494,2.1599,2.2699,0.077935,0.056566
MCUCXR_0042_0.png,bior4.4,4,70,11275,23.25,0.3441,42.7826,0.9828,2.801,2.815,3.1044,3.1248,0.101319,0.068884
MCUCXR_0042_0.png,bior4.4,4,90,21901,11.9695,0.6684,48.1574,0.9938,2.8714,2.9019,3.7098,3.7418,0.14066,0.112935
MCUCXR_0043_0.png,bior4.4,4,10,1126,232.8099,0.0344,29.1085,0.8493,2.3362,2.4669,1.7183,1.9548,0.066857,0.039721
MCUCXR_0043_0.png,bior4.4,4,20,1570,166.9707,0.0479,30.6575,0.8781,2.5678,2.6481,1.8539,2.0628,0.063268,0.039479
MCUCXR_0043_0.png,bior4.4,4,30,2326,112.7016,0.071,32.714,0.8989,2.7645,2.8581,2.2283,2.3347,0.068018,0.036517
MCUCXR_0043_0.png,bior4.4,4,50,5467,47.9502,0.1668,37.2805,0.942,3.0912,3.1706,2.8221,2.8414,0.105065,0.049141
MCUCXR_0043_0.png,bior4.4,4,70,13029,20.12,0.3976,42.0026,0.9742,3.2992,3.3388,2.9744,2.9879,0.110093,0.074398
MCUCXR_0043_0.png,bior4.4,4,90,27044,9.6932,0.8253,46.5106,0.9891,3.4217,3.4712,3.6617,3.6936,0.154487,0.11484
MCUCXR_0044_0.png,bior4.4,4,10,1150,227.9513,0.0351,27.5345,0.8164,2.2424,2.3413,1.7589,1.9345,0.061937,0.034729
MCUCXR_0044_0.png,bior4.4,4,20,1868,140.334,0.057,29.9545,0.846,2.4828,2.6,1.683,1.8899,0.063859,0.040101
MCUCXR_0044_0.png,bior4.4,4,30,2584,101.4489,0.0789,31.6056,0.8767,2.6859,2.7806,2.1864,2.2751,0.067721,0.044136
MCUCXR_0044_0.png,bior4.4,4,50,6339,41.3542,0.1935,37.0001,0.9324,2.9971,3.035,2.4738,2.5135,0.083144,0.050966
MCUCXR_0044_0.png,bior4.4,4,70,13762,19.0484,0.42,41.6135,0.9715,3.2088,3.2719,3.1764,3.2057,0.110164,0.087423
MCUCXR_0044_0.png,bior4.4,4,90,28663,9.1457,0.8747,46.4766,0.9888,3.3517,3.4162,3.7412,3.7619,0.169569,0.127641
MCUCXR_0045_0.png,bior4.4,4,10,960,273.0667,0.0293,31.1718,0.8245,2.307,2.3887,1.7687,1.9583,0.060019,0.03085
MCUCXR_0045_0.png,bior4.4,4,20,1334,196.5097,0.0407,32.4605,0.8675,2.5201,2.64,1.9457,2.1314,0.060811,0.032038
MCUCXR_0045_0.png,bior4.4,4,30,2093,125.248,0.0639,34.0363,0.8905,2.7232,2.81,1.6672,1.9235,0.064956,0.035011
MCUCXR_0045_0.png,bior4.4,4,50,5013,52.2928,0.153,37.5666,0.9365,3.0758,3.1612,2.4452,2.5073,0.076758,0.054901
MCUCXR_0045_0.png,bior4.4,4,70,12118,21.6326,0.3698,41.8652,0.9706,3.2973,3.3388,2.8791,2.8954,0.109112,0.078184
MCUCXR_0045_0.png,bior4.4,4,90,26634,9.8425,0.8128,46.2518,0.9876,3.4184,3.4656,3.666,3.7003,0.163636,0.12192
MCUCXR_0046_0.png,bior4.4,4,10,1241,211.2361,0.0379,27.394,0.7853,2.2523,2.3425,1.8814,2.0386,0.062882,0.036938
MCUCXR_0046_0.png,bior4.4,4,20,1723,152.1439,0.0526,28.9295,0.8324,2.4902,2.6069,2.5246,2.5628,0.062061,0.03146
MCUCXR_0046_0.png,bior4.4,4,30,2600,100.8246,0.0793,30.7617,0.867,2.7027,2.7837,2.5981,2.6348,0.063903,0.038104
MCUCXR_0046_0.png,bior4.4,4,50,6826,38.4038,0.2083,36.1518,0.9277,3.0759,3.1362,2.5066,2.5536,0.084392,0.074055
MCUCXR_0046_0.png,bior4.4,4,70,14749,17.7737,0.4501,41.2268,0.9698,3.3002,3.3781,3.1762,3.2086,0.131347,0.078216
MCUCXR_0046_0.png,bior4.4,4,90,30343,8.6394,0.926,46.2023,0.9888,3.4961,3.5369,3.7928,3.8142,0.171083,0.131223
MCUCXR_0047_0.png,bior4.4,4,10,1119,234.2663,0.0341,26.9842,0.7657,2.1609,2.2388,1.9823,2.1052,0.061945,0.031336
MCUCXR_0047_0.png,bior4.4,4,20,1734,151.1788,0.0529,29.2427,0.8443,2.4103,2.5288,2.0306,2.1446,0.062252,0.034053
MCUCXR_0047_0.png,bior4.4,4,30,2942,89.104,0.0898,31.275,0.8843,2.5958,2.7125,1.4902,1.7691,0.068252,0.040576
MCUCXR_0047_0.png,bior4.4,4,50,6088,43.0591,0.1858,37.1048,0.9397,2.9787,3.0375,2.5489,2.5864,0.077611,0.049287
MCUCXR_0047_0.png,bior4.4,4,70,13009,20.151,0.397,42.1881,0.9744,3.2031,3.2394,3.1524,3.1748,0.112986,0.130038
MCUCXR_0047_0.png,bior4.4,4,90,26154,10.0231,0.7982,47.0551,0.9901,3.3888,3.4444,3.7694,3.7933,0.145583,0.110778
MCUCXR_0048_0.png,bior4.4,4,10,975,268.8656,0.0298,27.5049,0.708,1.9515,2.0038,1.9565,2.068,0.060218,0.040312
MCUCXR_0048_0.png,bior4.4,4,20,1509,173.7203,0.0461,29.7968,0.8516,2.1791,2.24,2.0173,2.1325,0.062566,0.034796
MCUCXR_0048_0.png,bior4.4,4,30,2273,115.3295,0.0694,31.9075,0.9087,2.4135,2.4937,2.2339,2.3076,0.064632,0.035214
MCUCXR_0048_0.png,bior4.4,4,50,5356,48.944,0.1635,37.7873,0.9529,2.7357,2.8231,2.558,2.5867,0.074678,0.046125
MCUCXR_0048_0.png,bior4.4,4,70,11379,23.0375,0.3473,43.1277,0.9814,2.9584,3.0356,3.1455,3.1784,0.119535,0.07007
MCUCXR_0048_0.png,bior4.4,4,90,21706,12.077,0.6624,48.2212,0.993,3.1871,3.25,3.8094,3.8322,0.140067,0.093724
MCUCXR_0049_0.png,bior4.4,4,10,1142,229.5482,0.0349,27.4113,0.701,2.0739,2.1237,1.3271,1.6316,0.072409,0.038636
MCUCXR_0049_0.png,bior4.4,4,20,1619,161.9172,0.0494,29.5902,0.8389,2.2864,2.3781,2.1028,2.1998,0.060809,0.04194
MCUCXR_0049_0.png,bior4.4,4,30,2397,109.3634,0.0732,31.6484,0.8954,2.5001,2.615,2.2162,2.2892,0.066915,0.035332
MCUCXR_0049_0.png,bior4.4,4,50,5651,46.389,0.1725,37.3482,0.9447,2.8385,2.8919,2.5402,2.5771,0.079951,0.044649
MCUCXR_0049_0.png,bior4.4,4,70,11988,21.8672,0.3658,42.4633,0.9771,3.0511,3.1162,3.1925,3.2277,0.100046,0.094215
MCUCXR_0049_0.png,bior4.4,4,90,23962,10.94,0.7313,47.4348,0.9914,3.2015,3.2506,3.834,3.8533,0.149957,0.101261
MCUCXR_0051_0.png,bior4.4,4,10,1203,217.9086,0.0367,28.4973,0.8437,2.3565,2.4737,1.5818,1.8288,0.066145,0.030843
MCUCXR_0051_0.png,bior4.4,4,20,1815,144.432,0.0554,30.4276,0.868,2.571,2.69,1.5658,1.8155,0.062696,0.03392
MCUCXR_0051_0.png,bior4.4,4,30,2656,98.6988,0.0811,32.3831,0.8882,2.7686,2.8887,1.9521,2.0868,0.066464,0.0367
MCUCXR_0051_0.png,bior4.4,4,50,6337,41.3672,0.1934,36.7162,0.9319,3.0672,3.1094,2.3891,2.453,0.083521,0.047701
MCUCXR_0051_0.png,bior4.4,4,70,14334,18.2883,0.4374,41.4065,0.9695,3.2501,3.3119,3.0918,3.1143,0.113084,0.075011
MCUCXR_0051_0.png,bior4.4,4,90,30167,8.6898,0.9206,46.0979,0.9876,3.366,3.4263,3.724,3.7445,0.191261,0.131702
MCUCXR_0052_0.png,bior4.4,4,10,1006,260.5805,0.0307,27.961,0.7159,2.015,2.0881,1.8819,1.9762,0.060904,0.03398
MCUCXR_0052_0.png,bior4.4,4,20,1567,167.2904,0.0478,30.2153,0.8559,2.2544,2.3169,1.9427,2.0712,0.063141,0.037957
MCUCXR_0052_0.png,bior4.4,4,30,2304,113.7778,0.0703,32.1153,0.9045,2.4515,2.5375,2.1444,2.2325,0.065444,0.044528
MCUCXR_0052_0.png,bior4.4,4,50,5479,47.8452,0.1672,37.7616,0.951,2.7726,2.8544,2.5095,2.5489,0.081436,0.045308
MCUCXR_0052_0.png,bior4.4,4,70,11512,22.7714,0.3513,42.9963,0.9797,2.9798,3.0275,3.2096,3.2461,0.100498,0.079291
MCUCXR_0052_0.png,bior4.4,4,90,22427,11.6888,0.6844,47.8847,0.9915,3.1198,3.1612,3.8568,3.8782,0.140349,0.10589
MCUCXR_0053_0.png,bior4.4,4,10,1038,252.5472,0.0317,28.0103,0.7278,2.0392,2.1113,1.7564,1.9346,0.058409,0.032525
MCUCXR_0053_0.png,bior4.4,4,20,1630,160.8245,0.0497,30.0687,0.8537,2.2835,2.3563,1.6267,1.859,0.060373,0.031725
MCUCXR_0053_0.png,bior4.4,4,30,2403,109.0903,0.0733,31.9856,0.9038,2.5056,2.6275,2.0939,2.2108,0.067035,0.038236
MCUCXR_0053_0.png,bior4.4,4,50,5542,47.3013,0.1691,37.6259,0.9483,2.8399,2.9081,2.4619,2.5092,0.094201,0.0513
MCUCXR_0053_0.png,bior4.4,4,70,11717,22.373,0.3576,42.7736,0.9781,3.0261,3.0812,3.1827,3.2171,0.104979,0.06988
MCUCXR_0053_0.png,bior4.4,4,90,23234,11.2828,0.709,47.6316,0.991,3.1797,3.2262,3.8385,3.8593,0.144524,0.119545
MCUCXR_0054_0.png,bior4.4,4,10,1155,226.9645,0.0352,27.8383,0.8092,2.1988,2.2788,1.8607,2.0226,0.06512,0.032266
MCUCXR_0054_0.png,bior4.4,4,20,1685,155.5751,0.0514,29.6553,0.856,2.4692,2.6113,2.4343,2.4873,0.059191,0.032196
MCUCXR_0054_0.png,bior4.4,4,30,2501,104.8157,0.0763,31.4474,0.8887,2.6668,2.7569,2.5063,2.5554,0.063601,0.044541
MCUCXR_0054_0.png,bior4.4,4,50,6286,41.7028,0.1918,37.1433,0.9416,3.0084,3.0719,2.4653,2.5176,0.080395,0.048821
MCUCXR_0054_0.png,bior4.4,4,70,13291,19.7234,0.4056,41.974,0.9744,3.2448,3.2931,3.1504,3.1779,0.125504,0.101415
MCUCXR_0054_0.png,bior4.4,4,90,26898,9.7459,0.8209,46.8483,0.9899,3.4652,3.5162,3.7759,3.7992,0.154752,0.120198
MCUCXR_0055_0.png,bior4.4,4,10,1213,216.1121,0.037,27.2636,0.8172,2.2173,2.3163,2.0072,2.1217,0.06358,0.036227
MCUCXR_0055_0.png,bior4.4,4,20,1959,133.8152,0.0598,29.478,0.8507,2.4733,2.6019,1.7715,1.962,0.06893,0.042728
MCUCXR_0055_0.png,bior4.4,4,30,2722,96.3057,0.0831,31.0393,0.8751,2.7069,2.7912,2.2185,2.3127,0.065488,0.035947
MCUCXR_0055_0.png,bior4.4,4,50,6541,40.0771,0.1996,36.7604,0.9351,3.0343,3.1088,2.4676,2.5226,0.0812,0.048706
MCUCXR_0055_0.png,bior4.4,4,70,14033,18.6805,0.4283,41.8361,0.9732,3.2896,3.35,3.1338,3.1566,0.121003,0.088903
MCUCXR_0055_0.png,bior4.4,4,90,28348,9.2474,0.8651,46.6204,0.9894,3.4516,3.5013,3.7451,3.7675,0.195835,0.151787
MCUCXR_0056_0.png,bior4.4,4,10,1143,229.3473,0.0349,26.9325,0.6863,1.9836,2.03,1.4877,1.7517,0.063646,0.037116
MCUCXR_0056_0.png,bior4.4,4,20,1650,158.8752,0.0504,29.2983,0.8353,2.2376,2.2831,2.1839,2.2703,0.059697,0.033296
MCUCXR_0056_0.png,bior4.4,4,30,2471,106.0882,0.0754,31.2886,0.8981,2.436,2.495,2.3766,2.4261,0.064574,0.033552
MCUCXR_0056_0.png,bior4.4,4,50,5919,44.2886,0.1806,37.3417,0.9472,2.7816,2.8694,2.6341,2.6583,0.084224,0.052395
MCUCXR_0056_0.png,bior4.4,4,70,12263,21.3768,0.3742,42.582,0.9787,3.0081,3.0694,3.2792,3.3196,0.117351,0.074741
MCUCXR_0056_0.png,bior4.4,4,90,23598,11.1087,0.7202,47.8133,0.9924,3.2161,3.2756,3.9383,3.9676,0.147721,0.104838
MCUCXR_0057_0.png,bior4.4,4,10,1137,230.5576,0.0347,26.6689,0.7079,2.127,2.1925,2.1299,2.2214,0.063139,0.030885
MCUCXR_0057_0.png,bior4.4,4,20,1857,141.1653,0.0567,29.1555,0.8265,2.3619,2.4569,1.9608,2.0747,0.061852,0.032729
MCUCXR_0057_0.png,bior4.4,4,30,3111,84.2636,0.0949,31.0589,0.8818,2.5808,2.6956,1.7203,1.9065,0.06541,0.03631
MCUCXR_0057_0.png,bior4.4,4,50,6707,39.0851,0.2047,36.6521,0.9385,2.9008,2.9737,2.6311,2.6478,0.079747,0.05936
MCUCXR_0057_0.png,bior4.4,4,70,14224,18.4297,0.4341,42.0202,0.9753,3.1345,3.1731,3.3205,3.3816,0.10619,0.073053
MCUCXR_0057_0.png,bior4.4,4,90,27800,9.4296,0.8484,46.9917,0.9906,3.2879,3.3269,3.8232,3.8419,0.166818,0.122087
MCUCXR_0058_0.png,bior4.4,4,10,1059,247.5392,0.0323,27.714,0.7326,2.0481,2.1094,1.5907,1.8144,0.091773,0.027998
MCUCXR_0058_0.png,bior4.4,4,20,1583,165.5995,0.0483,29.9694,0.8487,2.3052,2.3719,1.8643,2.0216,0.060895,0.031699
MCUCXR_0058_0.png,bior4.4,4,30,2420,108.324,0.0739,31.9816,0.8986,2.5362,2.6437,2.1597,2.2542,0.06785,0.052375
MCUCXR_0058_0.png,bior4.4,4,50,5600,46.8114,0.1709,37.3774,0.9451,2.8733,2.9306,2.4803,2.532,0.075067,0.051786
MCUCXR_0058_0.png,bior4.4,4,70,11949,21.9386,0.3647,42.5444,0.9779,3.0969,3.1412,3.2149,3.2478,0.136301,0.077838
MCUCXR_0058_0.png,bior4.4,4,90,23982,10.9309,0.7319,47.4458,0.9913,3.2528,3.2944,3.8062,3.8248,0.157077,0.116338
MCUCXR_0059_0.png,bior4.4,4,10,1230,213.1252,0.0375,27.3012,0.7934,2.299,2.37,2.0288,2.1365,0.063807,0.039526
MCUCXR_0059_0.png,bior4.4,4,20,1910,137.2482,0.0583,29.1747,0.8404,2.5487,2.6538,1.9486,2.0863,0.069934,0.042089
MCUCXR_0059_0.png,bior4.4,4,30,2819,92.9918,0.086,31.2519,0.874,2.7524,2.8194,2.3456,2.4057,0.065025,0.043698
MCUCXR_0059_0.png,bior4.4,4,50,6785,38.6358,0.2071,36.7731,0.9367,3.0455,3.1162,2.5537,2.5853,0.098779,0.073334
MCUCXR_0059_0.png,bior4.4,4,70,14432,18.1641,0.4404,41.44,0.9713,3.2525,3.3031,3.2487,3.2824,0.117572,0.093719
MCUCXR_0059_0.png,bior4.4,4,90,30095,8.7105,0.9184,46.2584,0.989,3.4213,3.4762,3.8003,3.8223,0.225983,0.165604
MCUCXR_0060_0.png,bior4.4,4,10,906,289.3422,0.0276,28.585,0.5812,1.5516,1.7131,2.0352,2.1723,0.0668,0.042629
MCUCXR_0060_0.png,bior4.4,4,20,1424,184.0899,0.0435,31.0041,0.8414,1.769,1.8931,1.6473,1.8851,0.062274,0.035136
MCUCXR_0060_0.png,bior4.4,4,30,1988,131.8632,0.0607,33.2537,0.9325,1.8609,1.955,2.1945,2.2982,0.067285,0.039048
MCUCXR_0060_0.png,bior4.4,4,50,4464,58.724,0.1362,38.6809,0.9659,2.2994,2.3406,2.1753,2.2862,0.109322,0.054934
MCUCXR_0060_0.png,bior4.4,4,70,8529,30.7356,0.2603,44.2197,0.9875,2.372,2.4225,3.0627,3.081,0.090016,0.077859
MCUCXR_0060_0.png,bior4.4,4,90,16589,15.8023,0.5063,49.5244,0.9958,2.464,2.4931,3.5988,3.6567,0.183013,0.099649
MCUCXR_0061_0.png,bior4.4,4,10,1341,195.484,0.0409,26.4787,0.7421,2.1277,2.1787,2.2161,2.3107,0.065957,0.033825
MCUCXR_0061_0.png,bior4.4,4,20,2122,123.5363,0.0648,28.7226,0.827,2.357,2.4294,1.9645,2.1352,0.067885,0.034762
MCUCXR_0061_0.png,bior4.4,4,30,3049,85.977,0.093,30.7156,0.8693,2.5696,2.6644,2.1718,2.3017,0.065961,0.042438
MCUCXR_0061_0.png,bior4.4,4,50,7141,36.7097,0.2179,37.2728,0.9445,2.9804,3.0256,2.2629,2.3731,0.0856,0.049396
MCUCXR_0061_0.png,bior4.4,4,70,13244,19.7934,0.4042,42.9027,0.9802,3.1595,3.2019,2.9434,2.9639,0.112503,0.080136
MCUCXR_0061_0.png,bior4.4,4,90,24154,10.853,0.7371,48.2241,0.9932,3.3289,3.3631,3.7053,3.7555,0.171508,0.114634
MCUCXR_0062_0.png,bior4.4,4,10,1079,242.9509,0.0329,27.173,0.7296,2.0709,2.1181,2.0059,2.1087,0.060114,0.037275
MCUCXR_0062_0.png,bior4.4,4,20,1712,153.1215,0.0522,29.4617,0.8389,2.3148,2.3937,2.0513,2.1655,0.067487,0.034352
MCUCXR_0062_0.png,bior4.4,4,30,2536,103.3691,0.0774,31.3865,0.8924,2.5428,2.6569,2.3217,2.3785,0.071593,0.034781
MCUCXR_0062_0.png,bior4.4,4,50,5946,44.0875,0.1815,37.2105,0.9439,2.9075,2.9813,2.4947,2.5343,0.106199,0.064616
MCUCXR_0062_0.png,bior4.4,4,70,12499,20.9732,0.3814,42.4999,0.9775,3.1375,3.1769,3.1665,3.1917,0.122304,0.0946
MCUCXR_0062_0.png,bior4.4,4,90,24709,10.6093,0.7541,47.4707,0.9915,3.3114,3.3537,3.7409,3.7662,0.197866,0.139489
MCUCXR_0063_0.png,bior4.4,4,10,1084,241.8303,0.0331,27.0539,0.8321,2.1931,2.27,1.7405,1.9654,0.065258,0.030805
MCUCXR_0063_0.png,bior4.4,4,20,1622,161.6178,0.0495,28.3607,0.8586,2.447,2.5619,2.0659,2.1994,0.06826,0.049876
MCUCXR_0063_0.png,bior4.4,4,30,2643,99.1843,0.0807,31.4856,0.8916,2.6892,2.7725,2.1427,2.2265,0.07155,0.036731
MCUCXR_0063_0.png,bior4.4,4,50,6373,41.1335,0.1945,37.0868,0.9346,3.0121,3.065,2.4111,2.4636,0.100244,0.053168
MCUCXR_0063_0.png,bior4.4,4,70,13435,19.512,0.41,41.9924,0.9717,3.2572,3.3306,3.1469,3.1732,0.12674,0.084669
MCUCXR_0063_0.png,bior4.4,4,90,27028,9.699,0.8248,46.9837,0.9893,3.445,3.5019,3.7985,3.8206,0.181206,0.130956
MCUCXR_0064_0.png,bior4.4,4,10,1036,253.0347,0.0316,27.108,0.7907,2.0858,2.1519,1.7774,1.9684,0.069273,0.040905
MCUCXR_0064_0.png,bior4.4,4,20,1626,161.2202,0.0496,29.3027,0.853,2.3399,2.4281,1.7962,1.983,0.083756,0.045029
MCUCXR_0064_0.png,bior4.4,4,30,2527,103.7372,0.0771,31.3215,0.893,2.5733,2.6919,2.1717,2.2489,0.070355,0.080346
MCUCXR_0064_0.png,bior4.4,4,50,6206,42.2404,0.1894,36.7655,0.9391,2.9276,3.005,2.4651,2.5059,0.082394,0.064818
MCUCXR_0064_0.png,bior4.4,4,70,13245,19.7919,0.4042,42.1665,0.9748,3.16,3.2012,3.1605,3.1907,0.170523,0.095622
MCUCXR_0064_0.png,bior4.4,4,90,26682,9.8248,0.8143,47.2329,0.9905,3.3478,3.39,3.7073,3.7325,0.16206,0.112674
MCUCXR_0068_0.png,bior4.4,4,10,1020,257.0039,0.0311,27.9373,0.8026,2.0163,2.0812,1.7324,1.8889,0.060095,0.037494
MCUCXR_0068_0.png,bior4.4,4,20,1574,166.5464,0.048,29.7494,0.8633,2.2714,2.3456,1.6848,1.8738,0.06525,0.033106
MCUCXR_0068_0.png,bior4.4,4,30,2328,112.6048,0.071,31.2433,0.8984,2.4858,2.5906,2.0101,2.1342,0.075271,0.056974
MCUCXR_0068_0.png,bior4.4,4,50,5762,45.4953,0.1758,37.4917,0.9441,2.8608,2.9419,2.3822,2.4412,0.099625,0.067654
MCUCXR_0068_0.png,bior4.4,4,70,12161,21.5561,0.3711,42.6973,0.9761,3.1295,3.1781,3.118,3.1398,0.115313,0.082034
MCUCXR_0068_0.png,bior4.4,4,90,24607,10.6532,0.7509,47.5254,0.9905,3.3357,3.3788,3.6589,3.6938,0.150833,0.131781
MCUCXR_0069_0.png,bior4.4,4,10,1175,223.1013,0.0359,27.4245,0.8197,2.2268,2.3919,1.8467,1.999,0.059973,0.041495
MCUCXR_0069_0.png,bior4.4,4,20,1758,149.1149,0.0536,29.4758,0.851,2.4972,2.6156,1.7725,1.9438,0.082142,0.033026
MCUCXR_0069_0.png,bior4.4,4,30,2600,100.8246,0.0793,31.6053,0.8801,2.7211,2.8106,2.1684,2.2533,0.082553,0.044776
MCUCXR_0069_0.png,bior4.4,4,50,6272,41.7959,0.1914,36.8051,0.932,3.0193,3.09,2.4396,2.4983,0.08319,0.048968
MCUCXR_0069_0.png,bior4.4,4,70,13609,19.2625,0.4153,41.7887,0.9699,3.2466,3.3094,3.1712,3.1981,0.138314,0.071915
MCUCXR_0069_0.png,bior4.4,4,90,28246,9.2807,0.862,46.5358,0.9881,3.4209,3.4869,3.7743,3.7944,0.191924,0.150961
MCUCXR_0070_0.png,bior4.4,4,10,936,280.0684,0.0286,27.1131,0.7627,1.9645,2.0125,2.0132,2.148,0.060761,0.035878
MCUCXR_0070_0.png,bior4.4,4,20,1536,170.6667,0.0469,29.6953,0.8548,2.2209,2.2619,1.8932,2.0183,0.094014,0.041446
MCUCXR_0070_0.png,bior4.4,4,30,2342,111.9317,0.0715,31.4031,0.9053,2.4186,2.4706,2.1142,2.2171,0.064928,0.042958
MCUCXR_0070_0.png,bior4.4,4,50,5540,47.3184,0.1691,37.5623,0.9443,2.7817,2.8687,2.3981,2.4597,0.094779,0.068776
MCUCXR_0070_0.png,bior4.4,4,70,11696,22.4131,0.3569,42.6731,0.9776,3.0181,3.0806,3.1653,3.1878,0.124609,0.09809
MCUCXR_0070_0.png,bior4.4,4,90,23285,11.2581,0.7106,47.5309,0.991,3.1823,3.2281,3.8561,3.88,0.168156,0.102164
MCUCXR_0071_0.png,bior4.4,4,10,1145,228.9467,0.0349,27.4166,0.8046,2.2067,2.2744,1.8624,1.9548,0.067299,0.052737
MCUCXR_0071_0.png,bior4.4,4,20,1766,148.4394,0.0539,28.6329,0.8491,2.4638,2.5844,1.7913,1.964,0.061698,0.045909
MCUCXR_0071_0.png,bior4.4,4,30,2618,100.1314,0.0799,31.4701,0.8794,2.6205,2.7244,2.2014,2.286,0.063589,0.035357
MCUCXR_0071_0.png,bior4.4,4,50,6202,42.2677,0.1893,36.9186,0.9335,2.9497,2.9813,2.4209,2.4707,0.08107,0.065017
MCUCXR_0071_0.png,bior4.4,4,70,13387,19.582,0.4085,41.7706,0.9718,3.2012,3.2363,3.138,3.1623,0.141212,0.084806
MCUCXR_0071_0.png,bior4.4,4,90,27438,9.554,0.8373,46.7609,0.9894,3.3888,3.4575,3.7454,3.767,0.150038,0.139871
MCUCXR_0072_0.png,bior4.4,4,10,1071,244.7656,0.0327,28.1015,0.7999,2.1383,2.2025,1.7549,1.909,0.062341,0.043297
MCUCXR_0072_0.png,bior4.4,4,20,1655,158.3952,0.0505,29.8929,0.8632,2.3927,2.4888,1.7233,1.9156,0.065719,0.044478
MCUCXR_0072_0.png,bior4.4,4,30,2400,109.2267,0.0732,31.2776,0.8968,2.6245,2.72,2.0754,2.1957,0.077795,0.052755
MCUCXR_0072_0.png,bior4.4,4,50,5778,45.3693,0.1763,37.6531,0.9437,2.9338,3.0056,2.3913,2.4531,0.087208,0.069085
MCUCXR_0072_0.png,bior4.4,4,70,12074,21.7114,0.3685,42.6378,0.9748,3.1416,3.18,3.0296,3.0478,0.149519,0.094461
MCUCXR_0072_0.png,bior4.4,4,90,24292,10.7914,0.7413,47.3533,0.9898,3.2954,3.3219,3.822,3.8446,0.157421,0.118981
MCUCXR_0074_0.png,bior4.4,4,10,1007,260.3217,0.0307,28.0775,0.7595,1.9845,2.0412,1.8949,2.0189,0.058201,0.031822
MCUCXR_0074_0.png,bior4.4,4,20,1408,186.1818,0.043,29.5666,0.8539,2.2152,2.265,2.3654,2.424,0.059181,0.035841
MCUCXR_0074_0.png,bior4.4,4,30,2342,111.9317,0.0715,31.5787,0.896,2.434,2.4956,1.9632,2.105,0.062693,0.03493
MCUCXR_0074_0.png,bior4.4,4,50,5497,47.6886,0.1678,37.6172,0.9458,2.809,2.8881,2.5038,2.5393,0.082176,0.070077
MCUCXR_0074_0.png,bior4.4,4,70,11763,22.2855,0.359,42.72,0.9768,3.0555,3.1069,3.1833,3.2053,0.103202,0.084807
MCUCXR_0074_0.png,bior4.4,4,90,23295,11.2532,0.7109,47.538,0.9905,3.2072,3.2481,3.7965,3.8149,0.149818,0.127196
MCUCXR_0075_0.png,bior4.4,4,10,1157,226.5722,0.0353,27.2548,0.7753,2.1943,2.2637,2.0254,2.1572,0.06052,0.031603
MCUCXR_0075_0.png,bior4.4,4,20,1837,142.7022,0.0561,29.6261,0.8515,2.4238,2.5419,1.6976,1.913,0.063315,0.033579
MCUCXR_0075_0.png,bior4.4,4,30,2669,98.2181,0.0815,31.7171,0.8901,2.6041,2.72,2.0805,2.1959,0.065846,0.035325
MCUCXR_0075_0.png,bior4.4,4,50,6111,42.8971,0.1865,37.0332,0.94,2.9873,3.0456,2.4839,2.5367,0.079926,0.047204
MCUCXR_0075_0.png,bior4.4,4,70,13042,20.1,0.398,42.199,0.9752,3.2301,3.2675,3.1598,3.1829,0.102279,0.06752
MCUCXR_0075_0.png,bior4.4,4,90,26015,10.0766,0.7939,47.0988,0.9906,3.386,3.4306,3.754,3.7773,0.152227,0.104082
MCUCXR_0077_0.png,bior4.4,4,10,1315,199.349,0.0401,25.5278,0.6487,2.0015,2.0562,2.5175,2.5515,0.06124,0.033434
MCUCXR_0077_0.png,bior4.4,4,20,2042,128.3761,0.0623,27.649,0.8168,2.1581,2.2019,2.1235,2.236,0.060995,0.03483
MCUCXR_0077_0.png,bior4.4,4,30,2980,87.9678,0.0909,29.7147,0.8851,2.3219,2.3588,2.3183,2.401,0.078548,0.042935
MCUCXR_0077_0.png,bior4.4,4,50,7124,36.7973,0.2174,37.3069,0.9477,2.8298,2.915,2.4615,2.5286,0.081425,0.050457
MCUCXR_0077_0.png,bior4.4,4,70,13017,20.1386,0.3972,42.4745,0.9815,2.8888,2.9731,3.0811,3.0976,0.11243,0.066608
MCUCXR_0077_0.png,bior4.4,4,90,23976,10.9336,0.7317,48.0416,0.9937,2.9964,3.0581,3.8257,3.8527,0.152315,0.099307
MCUCXR_0079_0.png,bior4.4,4,10,1145,228.9467,0.0349,28.6856,0.8371,2.3723,2.5156,1.8096,2.0075,0.061125,0.034997
MCUCXR_0079_0.png,bior4.4,4,20,1673,156.691,0.0511,30.3655,0.8586,2.5881,2.7175,1.7082,1.9554,0.062942,0.034232
MCUCXR_0079_0.png,bior4.4,4,30,2371,110.5626,0.0724,32.2378,0.8793,2.7839,2.9081,2.2972,2.3942,0.065776,0.040325
MCUCXR_0079_0.png,bior4.4,4,50,5845,44.8493,0.1784,36.7567,0.9289,3.0781,3.1469,2.9663,2.9831,0.079888,0.048041
MCUCXR_0079_0.png,bior4.4,4,70,14263,18.3793,0.4353,41.3068,0.9674,3.2329,3.3,3.0723,3.0948,0.107714,0.071818
MCUCXR_0079_0.png,bior4.4,4,90,30566,8.5763,0.9328,45.7911,0.9864,3.3506,3.4087,3.7068,3.7311,0.164622,0.122957
MCUCXR_0080_0.png,bior4.4,4,10,1423,184.2193,0.0434,24.9974,0.6902,2.0848,2.1406,2.8138,2.845,0.059853,0.032303
MCUCXR_0080_0.png,bior4.4,4,20,2309,113.5314,0.0705,27.6049,0.823,2.3681,2.4487,2.4608,2.5265,0.061837,0.033813
MCUCXR_0080_0.png,bior4.4,4,30,3390,77.3286,0.1035,29.1071,0.8766,2.5518,2.6444,2.3592,2.4592,0.065985,0.038303
MCUCXR_0080_0.png,bior4.4,4,50,7733,33.8994,0.236,36.8342,0.9429,2.9387,3.0156,2.5684,2.6343,0.083457,0.053319
MCUCXR_0080_0.png,bior4.4,4,70,14180,18.4869,0.4327,42.6167,0.9823,3.1398,3.1919,3.2108,3.2291,0.105805,0.069539
MCUCXR_0080_0.png,bior4.4,4,90,25190,10.4067,0.7687,48.1493,0.9942,3.2974,3.3363,3.9122,3.9402,0.145349,0.107231
MCUCXR_0081_0.png,bior4.4,4,10,1287,203.6861,0.0393,26.8393,0.7539,2.187,2.2344,1.435,1.7177,0.071094,0.035338
MCUCXR_0081_0.png,bior4.4,4,20,1837,142.7022,0.0561,29.045,0.8381,2.442,2.535,2.0521,2.1671,0.064895,0.037293
MCUCXR_0081_0.png,bior4.4,4,30,2681,97.7784,0.0818,31.0928,0.8826,2.6055,2.7094,2.3339,2.3918,0.06418,0.035715
MCUCXR_0081_0.png,bior4.4,4,50,6269,41.8159,0.1913,36.6108,0.938,2.9778,3.0344,2.5591,2.5946,0.086935,0.05551
MCUCXR_0081_0.png,bior4.4,4,70,13488,19.4353,0.4116,41.8191,0.9747,3.2259,3.2519,3.1953,3.223,0.109325,0.07093
MCUCXR_0081_0.png,bior4.4,4,90,27210,9.6341,0.8304,46.8485,0.9905,3.4046,3.4537,3.7926,3.8142,0.173176,0.128157
MCUCXR_0082_0.png,bior4.4,4,10,1125,233.0169,0.0343,26.9602,0.7844,2.1905,2.2894,1.8463,1.999,0.062442,0.032129
MCUCXR_0082_0.png,bior4.4,4,20,1757,149.1998,0.0536,29.2156,0.848,2.4264,2.5787,1.8562,2.0122,0.065869,0.036761
MCUCXR_0082_0.png,bior4.4,4,30,2990,87.6736,0.0912,31.3466,0.8829,2.6711,2.7656,1.4775,1.7587,0.068884,0.03698
MCUCXR_0082_0.png,bior4.4,4,50,6366,41.1788,0.1943,36.9244,0.937,3.0287,3.1056,2.5206,2.5638,0.079376,0.059201
MCUCXR_0082_0.png,bior4.4,4,70,13417,19.5382,0.4095,42.1418,0.9742,3.2422,3.3275,3.2776,3.3169,0.105684,0.067608
MCUCXR_0082_0.png,bior4.4,4,90,26836,9.7684,0.819,46.971,0.9898,3.4134,3.4725,3.8016,3.8212,0.162612,0.147528
MCUCXR_0083_0.png,bior4.4,4,10,1164,225.2096,0.0355,29.0867,0.8671,2.3898,2.4769,1.554,1.831,0.062104,0.036509
MCUCXR_0083_0.png,bior4.4,4,20,1609,162.9236,0.0491,30.9339,0.8817,2.5974,2.6675,2.0584,2.2106,0.065539,0.034901
MCUCXR_0083_0.png,bior4.4,4,30,2328,112.6048,0.071,32.9626,0.9016,2.7327,2.825,2.2001,2.3128,0.076697,0.051043
MCUCXR_0083_0.png,bior4.4,4,50,5339,49.0998,0.1629,37.5492,0.9403,3.0876,3.19,2.8345,2.8543,0.078454,0.064628
MCUCXR_0083_0.png,bior4.4,4,70,12754,20.5539,0.3892,42.0382,0.9721,3.2576,3.3094,2.9323,2.9463,0.110207,0.0796
MCUCXR_0083_0.png,bior4.4,4,90,26882,9.7517,0.8204,46.5655,0.9885,3.4025,3.4613,3.7472,3.7709,0.17294,0.116666
MCUCXR_0084_0.png,bior4.4,4,10,1067,245.6832,0.0326,29.4658,0.8617,2.3058,2.4125,1.3005,1.6609,0.060402,0.04601
MCUCXR_0084_0.png,bior4.4,4,20,1537,170.5556,0.0469,31.0969,0.8907,2.5326,2.6356,1.4623,1.7713,0.060577,0.045507
MCUCXR_0084_0.png,bior4.4,4,30,2230,117.5534,0.0681,33.2727,0.9105,2.7416,2.8119,1.9508,2.1155,0.065006,0.044247
MCUCXR_0084_0.png,bior4.4,4,50,5050,51.9097,0.1541,37.8592,0.9484,3.0837,3.1637,2.7156,2.7384,0.105406,0.057705
MCUCXR_0084_0.png,bior4.4,4,70,11693,22.4189,0.3568,42.5266,0.9757,3.3092,3.3494,2.9316,2.9447,0.135282,0.072508
MCUCXR_0084_0.png,bior4.4,4,90,24501,10.6993,0.7477,46.9068,0.9895,3.4666,3.5081,3.6727,3.7071,0.152153,0.107256
MCUCXR_0085_0.png,bior4.4,4,10,1192,219.9195,0.0364,27.9762,0.8613,2.2572,2.3531,1.9048,2.0243,0.059277,0.030642
MCUCXR_0085_0.png,bior4.4,4,20,1848,141.8528,0.0564,29.9193,0.8799,2.531,2.6181,1.6363,1.8497,0.063762,0.032845
MCUCXR_0085_0.png,bior4.4,4,30,2626,99.8264,0.0801,31.3783,0.8964,2.7639,2.8369,1.9833,2.1252,0.063641,0.043439
MCUCXR_0085_0.png,bior4.4,4,50,6206,42.2404,0.1894,37.3885,0.943,3.0896,3.1619,2.4159,2.4698,0.097262,0.049683
MCUCXR_0085_0.png,bior4.4,4,70,13141,19.9486,0.401,42.2774,0.9742,3.3088,3.365,3.1196,3.1448,0.1064,0.102284
MCUCXR_0085_0.png,bior4.4,4,90,26669,9.8295,0.8139,46.9726,0.9894,3.4877,3.5463,3.712,3.7377,0.228694,0.166275
MCUCXR_0086_0.png,bior4.4,4,10,1103,237.6646,0.0337,27.5343,0.7207,1.9321,1.9975,1.3198,1.6289,0.063668,0.039051
MCUCXR_0086_0.png,bior4.4,4,20,1558,168.2567,0.0475,29.8178,0.8553,2.1848,2.2412,2.0374,2.1447,0.064115,0.05635
MCUCXR_0086_0.png,bior4.4,4,30,2324,112.7986,0.0709,31.913,0.9075,2.4164,2.4881,2.1728,2.2548,0.059344,0.032302
MCUCXR_0086_0.png,bior4.4,4,50,5435,48.2326,0.1659,37.9438,0.9528,2.7695,2.875,2.5039,2.5455,0.076924,0.044615
MCUCXR_0086_0.png,bior4.4,4,70,11289,23.2212,0.3445,43.319,0.9803,3.0377,3.0987,3.12,3.1474,0.095588,0.061848
MCUCXR_0086_0.png,bior4.4,4,90,21788,12.0316,0.6649,48.1337,0.992,3.2135,3.2637,3.6547,3.6866,0.132131,0.097012
MCUCXR_0087_0.png,bior4.4,4,10,1173,223.4817,0.0358,27.0528,0.7487,2.2,2.27,2.1484,2.2541,0.057955,0.030165
MCUCXR_0087_0.png,bior4.4,4,20,1780,147.2719,0.0543,29.0686,0.8408,2.4345,2.5306,1.9943,2.1354,0.060421,0.035202
MCUCXR_0087_0.png,bior4.4,4,30,2614,100.2846,0.0798,31.0974,0.8832,2.6229,2.7212,2.337,2.3985,0.065526,0.036982
MCUCXR_0087_0.png,bior4.4,4,50,6201,42.2745,0.1892,36.5841,0.9383,2.9582,3.0412,2.551,2.5937,0.079941,0.05137
MCUCXR_0087_0.png,bior4.4,4,70,13434,19.5135,0.41,41.5457,0.9741,3.1967,3.2331,3.1955,3.2229,0.104229,0.079218
MCUCXR_0087_0.png,bior4.4,4,90,27622,9.4904,0.843,46.4717,0.9903,3.3444,3.3687,3.8313,3.8522,0.154955,0.115685
MCUCXR_0089_0.png,bior4.4,4,10,1136,230.7606,0.0347,30.359,0.8671,2.3965,2.515,1.403,1.7313,0.061816,0.044149
MCUCXR_0089_0.png,bior4.4,4,20,1554,168.6898,0.0474,31.6343,0.8781,2.6097,2.75,1.6393,1.9079,0.063273,0.03113
MCUCXR_0089_0.png,bior4.4,4,30,2174,120.5814,0.0663,33.4878,0.892,2.777,2.8056,1.9666,2.1264,0.06597,0.038272
MCUCXR_0089_0.png,bior4.4,4,50,5292,49.5359,0.1615,37.4688,0.9309,3.0315,3.0744,2.8391,2.8585,0.077212,0.047514
MCUCXR_0089_0.png,bior4.4,4,70,13300,19.7101,0.4059,41.6381,0.9663,3.1555,3.1987,2.9915,3.0088,0.104618,0.079971
MCUCXR_0089_0.png,bior4.4,4,90,29352,8.931,0.8958,46.0477,0.986,3.2372,3.2875,3.6722,3.6948,0.237583,0.132203
MCUCXR_0090_0.png,bior4.4,4,10,1186,221.032,0.0362,28.7308,0.8254,2.4244,2.5581,1.5145,1.8084,0.0603,0.038548
MCUCXR_0090_0.png,bior4.4,4,20,1659,158.0133,0.0506,30.349,0.8567,2.5941,2.705,1.764,1.9928,0.061491,0.034701
MCUCXR_0090_0.png,bior4.4,4,30,2473,106.0024,0.0755,32.4243,0.877,2.7829,2.9131,2.1242,2.2598,0.072519,0.05417
MCUCXR_0090_0.png,bior4.4,4,50,5918,44.296,0.1806,36.7209,0.9238,3.0642,3.1406,2.7793,2.8051,0.081048,0.046585
MCUCXR_0090_0.png,bior4.4,4,70,14504,18.0739,0.4426,41.1505,0.9641,3.2033,3.2725,3.0914,3.1092,0.133484,0.079148
MCUCXR_0090_0.png,bior4.4,4,90,31495,8.3234,0.9612,45.6192,0.9852,3.3112,3.365,3.7299,3.7529,0.190716,0.128766
MCUCXR_0091_0.png,bior4.4,4,10,1201,218.2714,0.0367,27.9175,0.8228,2.3302,2.4544,1.6725,1.8968,0.060219,0.037887
MCUCXR_0091_0.png,bior4.4,4,20,1834,142.9357,0.056,29.5869,0.8557,2.5684,2.6781,1.6689,1.901,0.063901,0.033161
MCUCXR_0091_0.png,bior4.4,4,30,2700,97.0904,0.0824,31.7388,0.8799,2.7542,2.8438,2.1495,2.2587,0.064424,0.036792
MCUCXR_0091_0.png,bior4.4,4,50,6685,39.2138,0.204,36.4258,0.9305,3.0966,3.1825,2.4658,2.5189,0.094976,0.047577
MCUCXR_0091_0.png,bior4.4,4,70,14907,17.5853,0.4549,41.2098,0.9693,3.2974,3.3638,3.1355,3.1574,0.113074,0.084565
MCUCXR_0091_0.png,bior4.4,4,90,30802,8.5106,0.94,46.1222,0.9879,3.4651,3.5219,3.7839,3.8025,0.189521,0.160995
MCUCXR_0092_0.png,bior4.4,4,10,1106,237.0199,0.0338,29.1069,0.8515,2.3203,2.4531,1.4694,1.7723,0.060977,0.031973
MCUCXR_0092_0.png,bior4.4,4,20,1550,169.1252,0.0473,30.5328,0.8862,2.5106,2.6,1.4519,1.7787,0.062189,0.038882
MCUCXR_0092_0.png,bior4.4,4,30,2236,117.2379,0.0682,32.64,0.9044,2.7048,2.8112,1.9426,2.1158,0.064885,0.03661
MCUCXR_0092_0.png,bior4.4,4,50,5213,50.2866,0.1591,37.5448,0.9413,3.0583,3.1325,2.6045,2.6423,0.075694,0.042761
MCUCXR_0092_0.png,bior4.4,4,70,12184,21.5154,0.3718,42.1895,0.9717,3.2562,3.3163,2.8894,2.9051,0.109397,0.074427
MCUCXR_0092_0.png,bior4.4,4,90,25429,10.3089,0.776,46.6495,0.9879,3.3717,3.4213,3.7164,3.743,0.171718,0.11601
MCUCXR_0094_0.png,bior4.4,4,10,1231,212.9521,0.0376,27.1978,0.7623,2.0762,2.1306,1.3012,1.6476,0.065215,0.040221
MCUCXR_0094_0.png,bior4.4,4,20,1798,145.7976,0.0549,29.4306,0.8515,2.2957,2.3581,1.6547,1.8842,0.069633,0.037341
MCUCXR_0094_0.png,bior4.4,4,30,3014,86.9754,0.092,31.3985,0.8963,2.5272,2.6075,1.4625,1.7481,0.071534,0.040433
MCUCXR_0094_0.png,bior4.4,4,50,6449,40.6488,0.1968,37.3164,0.9437,2.8698,2.95,2.1353,2.2427,0.085515,0.064592
MCUCXR_0094_0.png,bior4.4,4,70,12925,20.2819,0.3944,42.3389,0.9744,3.1615,3.1981,2.9358,2.9533,0.116594,0.079617
MCUCXR_0094_0.png,bior4.4,4,90,25480,10.2882,0.7776,47.1189,0.9902,3.3999,3.4425,3.7659,3.7934,0.172672,0.151323
MCUCXR_0095_0.png,bior4.4,4,10,1206,217.3665,0.0368,28.8754,0.8434,2.4025,2.495,1.3617,1.6982,0.060279,0.037791
MCUCXR_0095_0.png,bior4.4,4,20,1631,160.7259,0.0498,30.3965,0.8657,2.6059,2.695,1.8833,2.0643,0.090072,0.036209
MCUCXR_0095_0.png,bior4.4,4,30,2422,108.2345,0.0739,32.2561,0.8874,2.7902,2.9156,2.1599,2.2816,0.065945,0.044135
MCUCXR_0095_0.png,bior4.4,4,50,5741,45.6617,0.1752,36.8716,0.9326,3.0845,3.1656,2.9165,2.9363,0.09842,0.048623
MCUCXR_0095_0.png,bior4.4,4,70,13838,18.9438,0.4223,41.3021,0.9675,3.2392,3.2919,3.0275,3.0436,0.134879,0.074131
MCUCXR_0095_0.png,bior4.4,4,90,29918,8.7621,0.913,45.781,0.986,3.3567,3.4225,3.7107,3.7382,0.17957,0.123278
MCUCXR_0096_0.png,bior4.4,4,10,1038,252.5472,0.0317,27.3969,0.7968,2.1597,2.2069,2.0606,2.1802,0.062101,0.049054
MCUCXR_0096_0.png,bior4.4,4,20,1636,160.2347,0.0499,29.5369,0.8564,2.4159,2.4969,1.8353,2.0045,0.065655,0.043393
MCUCXR_0096_0.png,bior4.4,4,30,2430,107.8782,0.0742,31.4787,0.8938,2.6199,2.7194,2.1649,2.2412,0.068775,0.035189
MCUCXR_0096_0.png,bior4.4,4,50,6010,43.618,0.1834,36.9433,0.9378,2.9815,3.0506,2.4994,2.5337,0.080083,0.047567
MCUCXR_0096_0.png,bior4.4,4,70,13002,20.1618,0.3968,42.0628,0.973,3.2107,3.2431,3.1823,3.2171,0.128573,0.070402
MCUCXR_0096_0.png,bior4.4,4,90,26361,9.9444,0.8045,46.9383,0.9894,3.382,3.4369,3.8037,3.8269,0.15855,0.126326
MCUCXR_0097_0.png,bior4.4,4,10,1227,213.6463,0.0374,26.3298,0.8111,2.2184,2.2938,2.0617,2.168,0.067014,0.041539
MCUCXR_0097_0.png,bior4.4,4,20,1910,137.2482,0.0583,28.8047,0.8449,2.4341,2.5169,2.0006,2.1188,0.062719,0.032603
MCUCXR_0097_0.png,bior4.4,4,30,2814,93.1571,0.0859,30.7447,0.8773,2.6209,2.7256,2.2853,2.3489,0.075462,0.03967
MCUCXR_0097_0.png,bior4.4,4,50,6686,39.2079,0.204,36.5248,0.9363,2.9961,3.0625,2.5264,2.5698,0.082037,0.066444
MCUCXR_0097_0.png,bior4.4,4,70,14110,18.5786,0.4306,41.6964,0.9741,3.2584,3.2763,3.1895,3.2148,0.131402,0.118192
MCUCXR_0097_0.png,bior4.4,4,90,28757,9.1158,0.8776,46.6396,0.9905,3.4572,3.5275,3.7556,3.7834,0.18687,0.1549
MCUCXR_0099_0.png,bior4.4,4,10,1386,189.1371,0.0423,27.9796,0.8387,2.3551,2.4975,1.123,1.5426,0.064794,0.031527
MCUCXR_0099_0.png,bior4.4,4,20,1935,135.4749,0.0591,29.658,0.8586,2.5758,2.705,1.8145,2.0036,0.088071,0.054704
MCUCXR_0099_0.png,bior4.4,4,30,2773,94.5344,0.0846,31.7594,0.8814,2.7732,2.8675,2.1912,2.2766,0.063508,0.039581
MCUCXR_0099_0.png,bior4.4,4,50,6873,38.1411,0.2097,36.4306,0.933,3.1029,3.1294,2.501,2.5474,0.084316,0.06084
MCUCXR_0099_0.png,bior4.4,4,70,15073,17.3916,0.46,41.146,0.9706,3.2979,3.3712,3.1719,3.2027,0.1534,0.08808
MCUCXR_0099_0.png,bior4.4,4,90,31435,8.3392,0.9593,46.1358,0.9885,3.4404,3.4894,3.7599,3.7807,0.188481,0.160976
MCUCXR_0100_0.png,bior4.4,4,10,1121,233.8483,0.0342,27.8257,0.7672,2.2144,2.2706,1.6283,1.8672,0.061291,0.032889
MCUCXR_0100_0.png,bior4.4,4,20,1763,148.692,0.0538,30.193,0.8542,2.4409,2.5431,1.7172,1.9269,0.066087,0.047395
MCUCXR_0100_0.png,bior4.4,4,30,2548,102.8823,0.0778,32.1198,0.8925,2.6533,2.7487,2.1815,2.2707,0.069113,0.034088
MCUCXR_0100_0.png,bior4.4,4,50,5881,44.5747,0.1795,37.3218,0.9453,2.9547,2.9838,2.5136,2.5568,0.096916,0.078492
MCUCXR_0100_0.png,bior4.4,4,70,12551,20.8863,0.383,42.253,0.976,3.1825,3.2163,3.1714,3.1953,0.11614,0.085378
MCUCXR_0100_0.png,bior4.4,4,90,25773,10.1713,0.7865,47.2543,0.9909,3.3464,3.3775,3.7571,3.7796,0.191875,0.112635
MCUCXR_0101_0.png,bior4.4,4,10,1147,228.5475,0.035,26.6601,0.7811,2.1759,2.2113,2.0271,2.1482,0.060639,0.032886
MCUCXR_0101_0.png,bior4.4,4,20,1830,143.2481,0.0558,29.2534,0.8426,2.4276,2.5319,1.9786,2.0968,0.073637,0.040351
MCUCXR_0101_0.png,bior4.4,4,30,2717,96.4829,0.0829,31.2353,0.8865,2.6101,2.7256,2.355,2.4117,0.065368,0.044649
MCUCXR_0101_0.png,bior4.4,4,50,6523,40.1876,0.1991,36.56,0.9403,2.9958,3.0619,2.5334,2.5738,0.080463,0.049023
MCUCXR_0101_0.png,bior4.4,4,70,13820,18.9685,0.4218,41.8402,0.9759,3.2573,3.2825,3.204,3.2301,0.117987,0.074538
MCUCXR_0101_0.png,bior4.4,4,90,27779,9.4368,0.8477,46.9407,0.9912,3.4641,3.5269,3.772,3.7941,0.190839,0.128859
MCUCXR_0102_0.png,bior4.4,4,10,1167,224.6307,0.0356,28.6236,0.84,2.4,2.5025,1.4052,1.7406,0.067813,0.032021
MCUCXR_0102_0.png,bior4.4,4,20,1699,154.2931,0.0518,30.5363,0.865,2.623,2.7175,1.6668,1.9165,0.070494,0.030762
MCUCXR_0102_0.png,bior4.4,4,30,2484,105.533,0.0758,32.2973,0.8847,2.8094,2.9106,2.0023,2.1596,0.080568,0.035404
MCUCXR_0102_0.png,bior4.4,4,50,5903,44.4086,0.1801,36.8594,0.9324,3.0942,3.1837,2.8719,2.8923,0.084758,0.060147
MCUCXR_0102_0.png,bior4.4,4,70,14131,18.551,0.4312,41.3533,0.9687,3.2615,3.3156,3.0725,3.0894,0.108577,0.082443
MCUCXR_0102_0.png,bior4.4,4,90,30449,8.6093,0.9292,45.9081,0.9869,3.3559,3.4,3.697,3.721,0.183897,0.12964
MCUCXR_0103_0.png,bior4.4,4,10,1145,228.9467,0.0349,28.3908,0.846,2.3456,2.47,1.7656,1.9973,0.058883,0.039598
MCUCXR_0103_0.png,bior4.4,4,20,1650,158.8752,0.0504,30.3214,0.8715,2.5758,2.6894,1.8004,2.0198,0.065506,0.035344
MCUCXR_0103_0.png,bior4.4,4,30,2365,110.8431,0.0722,32.2488,0.8925,2.7587,2.8606,2.2296,2.3387,0.064746,0.034791
MCUCXR_0103_0.png,bior4.4,4,50,5599,46.8198,0.1709,37.0195,0.9365,3.0583,3.1344,2.8383,2.8588,0.084669,0.047324
MCUCXR_0103_0.png,bior4.4,4,70,13340,19.651,0.4071,41.7538,0.9711,3.2688,3.3194,3.0385,3.0509,0.106673,0.067721
MCUCXR_0103_0.png,bior4.4,4,90,28061,9.3419,0.8564,46.2922,0.9879,3.4261,3.4875,3.7508,3.7753,0.204217,0.206309
MCUCXR_0104_1.png,bior4.4,4,10,1163,225.4033,0.0355,27.7801,0.7895,2.2342,2.335,1.8741,2.0039,0.060397,0.036698
MCUCXR_0104_1.png,bior4.4,4,20,1778,147.4376,0.0543,29.6938,0.8463,2.4439,2.5831,1.52,1.7538,0.062785,0.035026
MCUCXR_0104_1.png,bior4.4,4,30,2500,104.8576,0.0763,31.269,0.8837,2.6629,2.77,2.1042,2.2025,0.063822,0.036034
MCUCXR_0104_1.png,bior4.4,4,50,5928,44.2213,0.1809,37.1261,0.9341,2.9909,3.0244,2.4082,2.4568,0.097748,0.051911
MCUCXR_0104_1.png,bior4.4,4,70,12985,20.1882,0.3963,41.5564,0.9685,3.175,3.2212,3.1328,3.1554,0.107474,0.07084
MCUCXR_0104_1.png,bior4.4,4,90,28073,9.3379,0.8567,46.2235,0.9873,3.3789,3.44,3.7956,3.8193,0.19374,0.133495
MCUCXR_0108_1.png,bior4.4,4,10,1015,258.27,0.031,28.4498,0.7391,2.1422,2.2244,1.8741,2.0293,0.059014,0.031942
MCUCXR_0108_1.png,bior4.4,4,20,1581,165.809,0.0482,30.4555,0.8254,2.4217,2.5644,1.7025,1.9099,0.060904,0.031544
MCUCXR_0108_1.png,bior4.4,4,30,2290,114.4734,0.0699,32.0139,0.871,2.6328,2.7375,2.3703,2.4339,0.063942,0.035321
MCUCXR_0108_1.png,bior4.4,4,50,5769,45.4401,0.1761,36.7672,0.9294,2.952,2.9925,2.4376,2.4927,0.07731,0.048626
MCUCXR_0108_1.png,bior4.4,4,70,12986,20.1867,0.3963,41.3947,0.97,3.1623,3.2175,3.1688,3.1912,0.112584,0.081273
MCUCXR_0108_1.png,bior4.4,4,90,27666,9.4753,0.8443,46.3428,0.9888,3.3217,3.3731,3.8222,3.8409,0.161465,0.131977
MCUCXR_0113_1.png,bior4.4,4,10,1053,248.9497,0.0321,28.6121,0.8022,2.1048,2.1469,1.6228,1.854,0.064657,0.035406
MCUCXR_0113_1.png,bior4.4,4,20,1514,173.1466,0.0462,30.1434,0.8427,2.3608,2.4481,2.1588,2.27,0.066369,0.032175
MCUCXR_0113_1.png,bior4.4,4,30,2269,115.5328,0.0692,31.7246,0.8789,2.5347,2.6481,2.0661,2.1989,0.063721,0.037074
MCUCXR_0113_1.png,bior4.4,4,50,5690,46.071,0.1736,37.0404,0.9358,2.9542,2.9888,2.2928,2.3722,0.080036,0.051376
MCUCXR_0113_1.png,bior4.4,4,70,12253,21.3943,0.3739,41.6535,0.9699,3.1729,3.21,3.0954,3.1171,0.119968,0.088427
MCUCXR_0113_1.png,bior4.4,4,90,26428,9.9192,0.8065,46.4999,0.9884,3.4035,3.465,3.8089,3.8301,0.164603,0.150351
MCUCXR_0117_1.png,bior4.4,4,10,1055,248.4777,0.0322,28.0575,0.7373,2.0576,2.1181,1.9502,2.0598,0.062728,0.03696
MCUCXR_0117_1.png,bior4.4,4,20,1528,171.5602,0.0466,29.4677,0.8361,2.2883,2.3512,2.5751,2.6093,0.080832,0.031929
MCUCXR_0117_1.png,bior4.4,4,30,2476,105.874,0.0756,31.3151,0.8856,2.4944,2.5787,2.2294,2.3078,0.063048,0.035314
MCUCXR_0117_1.png,bior4.4,4,50,6001,43.6834,0.1831,37.149,0.9405,2.8543,2.9312,2.5117,2.5389,0.084727,0.059001
MCUCXR_0117_1.png,bior4.4,4,70,12712,20.6218,0.3879,42.1175,0.9728,3.0507,3.0956,3.2203,3.2584,0.152875,0.071892
MCUCXR_0117_1.png,bior4.4,4,90,25732,10.1875,0.7853,46.9289,0.9891,3.2169,3.2606,3.8702,3.8909,0.145404,0.129743
MCUCXR_0126_1.png,bior4.4,4,10,1212,216.2904,0.037,28.3553,0.7898,2.1567,2.2575,1.7032,1.9149,0.066723,0.032325
MCUCXR_0126_1.png,bior4.4,4,20,1726,151.8795,0.0527,29.8793,0.8421,2.414,2.5669,2.2662,2.3506,0.078654,0.057879
MCUCXR_0126_1.png,bior4.4,4,30,2634,99.5232,0.0804,31.4846,0.8734,2.5868,2.7144,2.0978,2.228,0.069958,0.034122
MCUCXR_0126_1.png,bior4.4,4,50,6460,40.5796,0.1971,36.7884,0.9333,2.9648,2.9987,2.3636,2.4333,0.091563,0.090874
MCUCXR_0126_1.png,bior4.4,4,70,13579,19.3051,0.4144,41.7524,0.9723,3.201,3.27,3.1742,3.1967,0.104815,0.092112
MCUCXR_0126_1.png,bior4.4,4,90,27658,9.4781,0.8441,46.6373,0.9891,3.4056,3.4875,3.8097,3.8316,0.180659,0.122455
MCUCXR_0140_1.png,bior4.4,4,10,1165,225.0163,0.0356,28.1444,0.8059,2.322,2.4881,1.586,1.8523,0.059909,0.03227
MCUCXR_0140_1.png,bior4.4,4,20,1689,155.2066,0.0515,29.6519,0.8391,2.5376,2.6538,1.7045,1.9482,0.062199,0.034435
MCUCXR_0140_1.png,bior4.4,4,30,2490,105.2787,0.076,31.5446,0.8647,2.7273,2.8269,2.1743,2.289,0.064456,0.038679
MCUCXR_0140_1.png,bior4.4,4,50,6075,43.1513,0.1854,36.0971,0.9214,3.0569,3.1294,2.8154,2.8365,0.07859,0.045955
MCUCXR_0140_1.png,bior4.4,4,70,14730,17.7966,0.4495,40.5107,0.9624,3.2272,3.2812,3.1117,3.1305,0.113589,0.075597
MCUCXR_0140_1.png,bior4.4,4,90,32550,8.0536,0.9933,44.9794,0.9837,3.3908,3.4487,3.8336,3.8541,0.207469,0.158708
MCUCXR_0141_1.png,bior4.4,4,10,1246,210.3884,0.038,28.2891,0.8295,2.3704,2.5031,1.8076,1.9846,0.06408,0.032532
MCUCXR_0141_1.png,bior4.4,4,20,1862,140.7863,0.0568,29.8708,0.8539,2.5872,2.6938,1.7351,1.9416,0.063864,0.032921
MCUCXR_0141_1.png,bior4.4,4,30,2747,95.4292,0.0838,31.9367,0.8772,2.7765,2.8981,2.2721,2.3549,0.068208,0.034836
MCUCXR_0141_1.png,bior4.4,4,50,6892,38.036,0.2103,36.3175,0.9281,3.0879,3.16,2.5362,2.5797,0.085059,0.05965
MCUCXR_0141_1.png,bior4.4,4,70,15598,16.8063,0.476,40.8965,0.9674,3.2637,3.3281,3.1464,3.1748,0.11936,0.080837
MCUCXR_0141_1.png,bior4.4,4,90,32891,7.9701,1.0038,45.63,0.9868,3.3935,3.4581,3.7647,3.7843,0.208297,0.193045
MCUCXR_0142_1.png,bior4.4,4,10,1144,229.1469,0.0349,27.1475,0.7427,2.1587,2.2169,2.0816,2.1872,0.063832,0.048457
MCUCXR_0142_1.png,bior4.4,4,20,1767,148.3554,0.0539,29.1146,0.8327,2.3817,2.4875,2.033,2.1626,0.062142,0.034884
MCUCXR_0142_1.png,bior4.4,4,30,2621,100.0168,0.08,31.1949,0.8757,2.5729,2.69,2.4268,2.4798,0.065062,0.041256
MCUCXR_0142_1.png,bior4.4,4,50,6271,41.8026,0.1914,36.3307,0.9356,2.9328,3.0137,2.6136,2.647,0.078399,0.061702
MCUCXR_0142_1.png,bior4.4,4,70,13712,19.1179,0.4185,41.4071,0.9734,3.1731,3.2194,3.2524,3.2834,0.107348,0.090846
MCUCXR_0142_1.png,bior4.4,4,90,28261,9.2758,0.8625,46.5182,0.9903,3.3307,3.37,3.8314,3.8531,0.172248,0.14442
MCUCXR_0144_1.png,bior4.4,4,10,1019,257.2561,0.0311,28.1478,0.8373,2.2507,2.3756,1.6191,1.8588,0.06744,0.030495
MCUCXR_0144_1.png,bior4.4,4,20,1456,180.044,0.0444,29.0963,0.8573,2.4801,2.5981,2.0147,2.1499,0.062549,0.035333
MCUCXR_0144_1.png,bior4.4,4,30,2416,108.5033,0.0737,32.0171,0.8894,2.6965,2.7894,2.0084,2.1041,0.065325,0.034855
MCUCXR_0144_1.png,bior4.4,4,50,6024,43.5166,0.1838,37.0643,0.9308,3.0112,3.0506,2.3584,2.419,0.098197,0.071783
MCUCXR_0144_1.png,bior4.4,4,70,13174,19.8986,0.402,41.5978,0.9677,3.2188,3.2906,3.0496,3.0752,0.115155,0.067218
MCUCXR_0144_1.png,bior4.4,4,90,28178,9.3031,0.8599,46.2621,0.9872,3.3932,3.4444,3.7022,3.7251,0.167806,0.156812
MCUCXR_0150_1.png,bior4.4,4,10,1150,227.9513,0.0351,27.8324,0.7677,2.2524,2.3325,1.8743,2.0238,0.059025,0.031167
MCUCXR_0150_1.png,bior4.4,4,20,1723,152.1439,0.0526,29.4331,0.8179,2.4879,2.5987,2.2023,2.2993,0.084787,0.046793
MCUCXR_0150_1.png,bior4.4,4,30,2486,105.4481,0.0759,31.0856,0.8597,2.672,2.7731,2.6203,2.6508,0.068918,0.032439
MCUCXR_0150_1.png,bior4.4,4,50,6634,39.5152,0.2025,36.0178,0.9296,2.9846,3.0063,2.5544,2.5929,0.081658,0.067132
MCUCXR_0150_1.png,bior4.4,4,70,14928,17.5606,0.4556,40.8666,0.9707,3.203,3.2637,3.2713,3.318,0.137834,0.099284
MCUCXR_0150_1.png,bior4.4,4,90,31245,8.39,0.9535,45.877,0.989,3.3492,3.3813,3.8627,3.8861,0.217536,0.133514
MCUCXR_0162_1.png,bior4.4,4,10,1405,186.5794,0.0429,27.8588,0.8157,2.3895,2.5425,1.1183,1.521,0.080224,0.050445
MCUCXR_0162_1.png,bior4.4,4,20,1949,134.5018,0.0595,29.4844,0.8357,2.5974,2.7012,1.8364,2.0149,0.064039,0.034362
MCUCXR_0162_1.png,bior4.4,4,30,2867,91.4349,0.0875,31.2367,0.865,2.7846,2.8844,2.2297,2.3128,0.074871,0.035766
MCUCXR_0162_1.png,bior4.4,4,50,7172,36.551,0.2189,35.887,0.9224,3.1035,3.1837,2.5785,2.6164,0.114358,0.05544
MCUCXR_0162_1.png,bior4.4,4,70,16119,16.263,0.4919,40.3975,0.9652,3.2919,3.3613,3.2535,3.2862,0.130278,0.090053
MCUCXR_0162_1.png,bior4.4,4,90,34733,7.5474,1.06,45.2969,0.9865,3.4506,3.5112,3.8567,3.8773,0.187859,0.149372
MCUCXR_0166_1.png,bior4.4,4,10,1327,197.5463,0.0405,27.2668,0.8185,2.3776,2.4838,2.2112,2.2914,0.073427,0.035079
MCUCXR_0166_1.png,bior4.4,4,20,2021,129.71,0.0617,29.4905,0.8449,2.5849,2.6994,1.9798,2.1137,0.069413,0.052095
MCUCXR_0166_1.png,bior4.4,4,30,2873,91.244,0.0877,31.1438,0.8703,2.7926,2.8906,2.3855,2.4413,0.086664,0.034816
MCUCXR_0166_1.png,bior4.4,4,50,6874,38.1356,0.2098,36.1862,0.9259,3.1138,3.1338,2.5353,2.579,0.11185,0.076022
MCUCXR_0166_1.png,bior4.4,4,70,15161,17.2907,0.4627,40.9552,0.9668,3.2994,3.3388,3.1745,3.1982,0.132867,0.092802
MCUCXR_0166_1.png,bior4.4,4,90,31930,8.21,0.9744,45.7357,0.9872,3.4433,3.4806,3.8054,3.8241,0.198945,0.163097
MCUCXR_0170_1.png,bior4.4,4,10,1258,208.3816,0.0384,28.1596,0.8367,2.4094,2.5488,1.8308,1.9931,0.060841,0.031323
MCUCXR_0170_1.png,bior4.4,4,20,1882,139.2901,0.0574,29.689,0.8565,2.6107,2.7256,1.6969,1.9101,0.06653,0.054112
MCUCXR_0170_1.png,bior4.4,4,30,2761,94.9453,0.0843,31.7455,0.8797,2.7883,2.8981,2.2156,2.3041,0.076176,0.042664
MCUCXR_0170_1.png,bior4.4,4,50,6806,38.5166,0.2077,36.2699,0.9284,3.1155,3.2012,2.4702,2.5177,0.082314,0.05015
MCUCXR_0170_1.png,bior4.4,4,70,15266,17.1718,0.4659,40.9206,0.967,3.2949,3.3569,3.1812,3.2107,0.117892,0.092049
MCUCXR_0170_1.png,bior4.4,4,90,32459,8.0762,0.9906,45.6886,0.9869,3.4307,3.4925,3.7952,3.8153,0.211106,0.141926
MCUCXR_0173_1.png,bior4.4,4,10,1208,217.0066,0.0369,28.195,0.8105,2.3796,2.4912,1.9224,2.0993,0.064047,0.041223
MCUCXR_0173_1.png,bior4.4,4,20,1709,153.3903,0.0522,29.9149,0.8412,2.6099,2.7175,2.1925,2.3153,0.061747,0.044071
MCUCXR_0173_1.png,bior4.4,4,30,2563,102.2801,0.0782,31.7252,0.8649,2.7896,2.9125,2.3633,2.4445,0.066343,0.037973
MCUCXR_0173_1.png,bior4.4,4,50,6225,42.1115,0.19,36.1345,0.9197,3.0631,3.1356,2.875,2.8914,0.093728,0.060731
MCUCXR_0173_1.png,bior4.4,4,70,15306,17.1269,0.4671,40.5414,0.9623,3.2453,3.3119,3.1453,3.168,0.128617,0.111108
MCUCXR_0173_1.png,bior4.4,4,90,33576,7.8075,1.0247,45.0328,0.9842,3.3603,3.4131,3.8227,3.8407,0.202769,0.196737
MCUCXR_0182_1.png,bior4.4,4,10,1175,223.1013,0.0359,28.6489,0.8338,2.3054,2.4325,1.7753,1.9764,0.061459,0.037589
MCUCXR_0182_1.png,bior4.4,4,20,1652,158.6828,0.0504,30.3896,0.8643,2.5319,2.6231,2.0638,2.2033,0.061997,0.034905
MCUCXR_0182_1.png,bior4.4,4,30,2450,106.9976,0.0748,32.2891,0.8854,2.7222,2.8225,2.2143,2.3137,0.073538,0.051903
MCUCXR_0182_1.png,bior4.4,4,50,5722,45.8134,0.1746,36.7882,0.9321,3.0346,3.1037,2.8311,2.8536,0.092384,0.042134
MCUCXR_0182_1.png,bior4.4,4,70,13847,18.9315,0.4226,41.3925,0.9698,3.2177,3.2781,3.0113,3.0266,0.112151,0.102044
MCUCXR_0182_1.png,bior4.4,4,90,29530,8.8772,0.9012,46.0019,0.9875,3.3864,3.445,3.7455,3.7695,0.200465,0.14866
MCUCXR_0188_1.png,bior4.4,4,10,1222,214.5205,0.0373,27.7202,0.8077,2.3089,2.4469,1.6756,1.8619,0.061187,0.030098
MCUCXR_0188_1.png,bior4.4,4,20,1857,141.1653,0.0567,29.5788,0.8329,2.5164,2.6381,1.7729,1.9573,0.07069,0.04222
MCUCXR_0188_1.png,bior4.4,4,30,2727,96.1291,0.0832,30.9995,0.8575,2.7057,2.8081,2.0981,2.2188,0.092427,0.053406
MCUCXR_0188_1.png,bior4.4,4,50,6642,39.4676,0.2027,36.2502,0.9236,3.0542,3.1044,2.4003,2.4537,0.114336,0.063458
MCUCXR_0188_1.png,bior4.4,4,70,14831,17.6754,0.4526,41.0197,0.9669,3.2603,3.3156,3.1527,3.1807,0.152193,0.09439
MCUCXR_0188_1.png,bior4.4,4,90,31498,8.3226,0.9612,45.8779,0.9876,3.4542,3.5169,3.7591,3.7805,0.209938,0.13702
MCUCXR_0194_1.png,bior4.4,4,10,1157,226.5722,0.0353,27.6918,0.7983,2.1848,2.25,1.9291,2.0431,0.070053,0.044681
MCUCXR_0194_1.png,bior4.4,4,20,1790,146.4492,0.0546,29.993,0.8471,2.4276,2.5631,1.8867,2.0332,0.069437,0.038266
MCUCXR_0194_1.png,bior4.4,4,30,2576,101.764,0.0786,31.7278,0.8756,2.6269,2.7469,2.1668,2.2596,0.073006,0.052903
MCUCXR_0194_1.png,bior4.4,4,50,6215,42.1792,0.1897,36.7144,0.9352,2.9521,2.9769,2.4234,2.4757,0.108278,0.070215
MCUCXR_0194_1.png,bior4.4,4,70,13347,19.6407,0.4073,41.4748,0.9699,3.1838,3.23,3.1481,3.1713,0.102409,0.079599
MCUCXR_0194_1.png,bior4.4,4,90,28088,9.333,0.8572,46.2814,0.9881,3.3876,3.4419,3.796,3.816,0.16899,0.156848
MCUCXR_0195_1.png,bior4.4,4,10,1252,209.3802,0.0382,26.6709,0.7294,2.182,2.2763,1.4292,1.6999,0.061847,0.048985
MCUCXR_0195_1.png,bior4.4,4,20,1825,143.6405,0.0557,29.0604,0.8259,2.4171,2.5344,2.1748,2.2677,0.077992,0.03256
MCUCXR_0195_1.png,bior4.4,4,30,2648,98.997,0.0808,30.8952,0.8743,2.6052,2.705,2.4858,2.518,0.07746,0.042432
MCUCXR_0195_1.png,bior4.4,4,50,6532,40.1323,0.1993,36.6876,0.9335,2.9418,3.0006,2.7643,2.7859,0.09854,0.071399
MCUCXR_0195_1.png,bior4.4,4,70,14185,18.4804,0.4329,41.7833,0.9731,3.15,3.1875,3.3338,3.3807,0.145232,0.08611
MCUCXR_0195_1.png,bior4.4,4,90,28096,9.3303,0.8574,46.5677,0.9896,3.2689,3.3062,3.8884,3.9098,0.168765,0.158097
MCUCXR_0196_1.png,bior4.4,4,10,1194,219.5511,0.0364,26.9726,0.6982,2.1509,2.1981,2.38,2.4344,0.065518,0.03454
MCUCXR_0196_1.png,bior4.4,4,20,1814,144.5116,0.0554,28.9145,0.8237,2.3812,2.4469,2.325,2.3984,0.060901,0.050954
MCUCXR_0196_1.png,bior4.4,4,30,2697,97.1984,0.0823,30.6512,0.8739,2.5547,2.6169,2.4627,2.5138,0.076169,0.038673
MCUCXR_0196_1.png,bior4.4,4,50,6534,40.12,0.1994,36.2419,0.9351,2.8909,2.9638,2.6242,2.6588,0.095315,0.058713
MCUCXR_0196_1.png,bior4.4,4,70,13870,18.9001,0.4233,41.2239,0.974,3.0656,3.0931,3.383,3.4423,0.139393,0.09349
MCUCXR_0196_1.png,bior4.4,4,90,28562,9.1781,0.8716,46.3928,0.9906,3.2123,3.2338,3.9003,3.9248,0.179024,0.146394
MCUCXR_0203_1.png,bior4.4,4,10,970,270.2515,0.0296,27.9825,0.7664,2.2282,2.3019,2.5261,2.562,0.064671,0.031001
MCUCXR_0203_1.png,bior4.4,4,20,1627,161.1211,0.0497,29.9596,0.8322,2.4575,2.5875,1.7331,1.8895,0.070934,0.041761
MCUCXR_0203_1.png,bior4.4,4,30,2488,105.3633,0.0759,31.7489,0.8734,2.6326,2.7456,2.2068,2.2485,0.066741,0.042215
MCUCXR_0203_1.png,bior4.4,4,50,6342,41.3346,0.1935,36.3035,0.9258,2.9766,3.0031,2.5347,2.562,0.082594,0.064351
MCUCXR_0203_1.png,bior4.4,4,70,14275,18.3639,0.4356,41.1392,0.9666,3.1278,3.1606,3.2103,3.2479,0.14303,0.103586
MCUCXR_0203_1.png,bior4.4,4,90,30120,8.7033,0.9192,45.8383,0.9866,3.2769,3.2988,3.8352,3.8576,0.175003,0.141712
MCUCXR_0213_1.png,bior4.4,4,10,1392,188.3218,0.0425,27.8103,0.8478,2.2769,2.4062,1.2807,1.6042,0.064339,0.032435
MCUCXR_0213_1.png,bior4.4,4,20,1938,135.2652,0.0591,29.8021,0.8699,2.4922,2.6237,1.8569,2.0148,0.07144,0.037572
MCUCXR_0213_1.png,bior4.4,4,30,3326,78.8166,0.1015,31.712,0.8968,2.7244,2.8219,1.3885,1.7087,0.081302,0.060609
MCUCXR_0213_1.png,bior4.4,4,50,6559,39.9671,0.2002,36.9364,0.9405,3.0782,3.1175,2.3515,2.424,0.081494,0.068872
MCUCXR_0213_1.png,bior4.4,4,70,13756,19.0567,0.4198,41.6756,0.9714,3.2949,3.3575,2.9653,2.9836,0.115905,0.069951
MCUCXR_0213_1.png,bior4.4,4,90,28413,9.2262,0.8671,46.3849,0.9883,3.4874,3.5519,3.7762,3.8032,0.179284,0.158649
MCUCXR_0218_1.png,bior4.4,4,10,1209,216.8271,0.0369,28.6355,0.8418,2.3834,2.4894,1.5316,1.7899,0.069135,0.031213
MCUCXR_0218_1.png,bior4.4,4,20,1812,144.6711,0.0553,30.0924,0.8591,2.6187,2.7281,1.636,1.8728,0.072628,0.048016
MCUCXR_0218_1.png,bior4.4,4,30,2699,97.1263,0.0824,32.1462,0.8836,2.8042,2.8969,2.1193,2.231,0.082803,0.040607
MCUCXR_0218_1.png,bior4.4,4,50,6565,39.9305,0.2003,36.4408,0.9326,3.1066,3.1731,2.455,2.5028,0.103314,0.06393
MCUCXR_0218_1.png,bior4.4,4,70,14781,17.7352,0.4511,41.139,0.9709,3.2961,3.3462,3.1865,3.2193,0.161226,0.079307
MCUCXR_0218_1.png,bior4.4,4,90,31201,8.4018,0.9522,46.0208,0.9886,3.41,3.4456,3.7346,3.7529,0.198353,0.17587
MCUCXR_0223_1.png,bior4.4,4,10,1150,227.9513,0.0351,29.049,0.8511,2.3706,2.5175,1.6405,1.8889,0.060972,0.030621
MCUCXR_0223_1.png,bior4.4,4,20,1600,163.84,0.0488,30.5572,0.8768,2.5982,2.6831,1.8238,2.0439,0.064586,0.033107
MCUCXR_0223_1.png,bior4.4,4,30,2312,113.3841,0.0706,32.6019,0.894,2.7676,2.8625,2.135,2.2613,0.062954,0.034309
MCUCXR_0223_1.png,bior4.4,4,50,5453,48.0734,0.1664,37.139,0.9367,3.0792,3.165,2.6409,2.6716,0.086826,0.045797
MCUCXR_0223_1.png,bior4.4,4,70,13036,20.1092,0.3978,41.7761,0.9705,3.2797,3.3287,2.9386,2.9534,0.113672,0.09983
MCUCXR_0223_1.png,bior4.4,4,90,27737,9.4511,0.8465,46.2054,0.9876,3.4349,3.4869,3.7021,3.7286,0.202774,0.142683
MCUCXR_0228_1.png,bior4.4,4,10,1199,218.6355,0.0366,26.8461,0.7358,2.1933,2.25,1.9447,2.0584,0.065056,0.036208
MCUCXR_0228_1.png,bior4.4,4,20,1850,141.6995,0.0565,28.72,0.8176,2.4192,2.5325,1.9766,2.098,0.069602,0.039186
MCUCXR_0228_1.png,bior4.4,4,30,2796,93.7568,0.0853,30.9938,0.8704,2.6108,2.7287,2.2075,2.2884,0.069888,0.046218
MCUCXR_0228_1.png,bior4.4,4,50,6616,39.6227,0.2019,36.3088,0.9294,2.9321,2.9531,2.5822,2.6133,0.119257,0.056591
MCUCXR_0228_1.png,bior4.4,4,70,14280,18.3574,0.4358,41.1683,0.9707,3.1497,3.1825,3.2927,3.3435,0.128111,0.100878
MCUCXR_0228_1.png,bior4.4,4,90,29441,8.904,0.8985,46.2134,0.9895,3.295,3.3363,3.8645,3.8863,0.176756,0.126769
MCUCXR_0243_1.png,bior4.4,4,10,1118,234.4758,0.0341,28.7253,0.8393,2.3744,2.4825,1.3365,1.6753,0.066959,0.037553
MCUCXR_0243_1.png,bior4.4,4,20,1634,160.4308,0.0499,30.3372,0.8595,2.6144,2.71,1.5492,1.8341,0.065857,0.048086
MCUCXR_0243_1.png,bior4.4,4,30,2384,109.9597,0.0728,32.4121,0.8808,2.7891,2.9031,2.0825,2.2163,0.082499,0.037938
MCUCXR_0243_1.png,bior4.4,4,50,5781,45.3458,0.1764,36.6765,0.9288,3.0524,3.1088,2.8138,2.8376,0.085623,0.059823
MCUCXR_0243_1.png,bior4.4,4,70,14143,18.5352,0.4316,41.1896,0.9667,3.2218,3.2769,3.029,3.0458,0.117603,0.081306
MCUCXR_0243_1.png,bior4.4,4,90,30583,8.5716,0.9333,45.7017,0.9862,3.3284,3.4,3.7417,3.7632,0.233803,0.151348
MCUCXR_0251_1.png,bior4.4,4,10,1240,211.4065,0.0378,27.5143,0.7748,2.3639,2.4644,2.2485,2.3457,0.060686,0.04153
MCUCXR_0251_1.png,bior4.4,4,20,1822,143.8771,0.0556,29.2897,0.835,2.6032,2.7138,2.4465,2.5131,0.083123,0.044238
MCUCXR_0251_1.png,bior4.4,4,30,2914,89.9602,0.0889,31.1998,0.8679,2.7667,2.8062,2.0344,2.1881,0.080196,0.051117
MCUCXR_0251_1.png,bior4.4,4,50,6534,40.12,0.1994,36.1116,0.9296,3.1379,3.2106,2.8772,2.9025,0.110452,0.049267
MCUCXR_0251_1.png,bior4.4,4,70,15141,17.3135,0.4621,40.8357,0.969,3.3597,3.4231,3.1928,3.2072,0.137016,0.089582
MCUCXR_0251_1.png,bior4.4,4,90,32469,8.0737,0.9909,45.6958,0.9882,3.5281,3.5619,3.8667,3.887,0.209698,0.156151
MCUCXR_0253_1.png,bior4.4,4,10,1201,218.2714,0.0367,27.3481,0.7335,2.1826,2.2606,2.2031,2.2912,0.058476,0.031526
MCUCXR_0253_1.png,bior4.4,4,20,1712,153.1215,0.0522,28.6566,0.8171,2.4115,2.5175,2.6714,2.7056,0.067536,0.044098
MCUCXR_0253_1.png,bior4.4,4,30,2696,97.2344,0.0823,30.5879,0.8569,2.5824,2.705,2.349,2.4197,0.086247,0.03911
MCUCXR_0253_1.png,bior4.4,4,50,6744,38.8707,0.2058,35.8742,0.9241,2.9173,2.9762,2.6315,2.6613,0.082487,0.047129
MCUCXR_0253_1.png,bior4.4,4,70,14839,17.6659,0.4529,40.7677,0.968,3.1726,3.2056,3.3332,3.3788,0.123703,0.078305
MCUCXR_0253_1.png,bior4.4,4,90,31256,8.387,0.9539,45.7888,0.9882,3.3125,3.3519,3.89,3.9131,0.172767,0.186773
MCUCXR_0254_1.png,bior4.4,4,10,1173,223.4817,0.0358,28.7673,0.8496,2.3192,2.4369,1.58,1.8217,0.059302,0.033693
MCUCXR_0254_1.png,bior4.4,4,20,1812,144.6711,0.0553,30.712,0.8731,2.5616,2.6706,1.6481,1.8714,0.070051,0.033585
MCUCXR_0254_1.png,bior4.4,4,30,2653,98.8104,0.081,32.6039,0.8926,2.7701,2.8694,2.0313,2.1547,0.064048,0.036063
MCUCXR_0254_1.png,bior4.4,4,50,6420,40.8324,0.1959,37.0736,0.9389,3.094,3.1556,2.4634,2.5122,0.092452,0.072678
MCUCXR_0254_1.png,bior4.4,4,70,14452,18.1389,0.441,41.948,0.9739,3.282,3.3431,3.0172,3.0376,0.128363,0.074745
MCUCXR_0254_1.png,bior4.4,4,90,28656,9.148,0.8745,46.8469,0.9897,3.419,3.4794,3.7458,3.7646,0.17381,0.147526
MCUCXR_0255_1.png,bior4.4,4,10,1193,219.7351,0.0364,28.6523,0.8406,2.3914,2.5312,1.6423,1.9082,0.073095,0.047089
MCUCXR_0255_1.png,bior4.4,4,20,1647,159.1645,0.0503,30.3802,0.8637,2.6408,2.7469,2.1352,2.2542,0.060834,0.040143
MCUCXR_0255_1.png,bior4.4,4,30,2477,105.8312,0.0756,32.2905,0.886,2.8135,2.8994,2.0383,2.1787,0.087837,0.063676
MCUCXR_0255_1.png,bior4.4,4,50,5807,45.1428,0.1772,36.8456,0.9348,3.1059,3.2037,2.9699,2.9852,0.09087,0.047524
MCUCXR_0255_1.png,bior4.4,4,70,13932,18.816,0.4252,41.4607,0.9706,3.3239,3.3763,3.0599,3.0759,0.116047,0.075765
MCUCXR_0255_1.png,bior4.4,4,90,29084,9.0133,0.8876,46.0825,0.9879,3.4387,3.5031,3.8148,3.8352,0.159166,0.113721
MCUCXR_0258_1.png,bior4.4,4,10,998,262.6693,0.0305,27.1339,0.7241,1.8691,1.9163,2.0336,2.1103,0.060097,0.031785
MCUCXR_0258_1.png,bior4.4,4,20,1591,164.7668,0.0486,29.5404,0.8488,2.0689,2.125,1.8851,2.0222,0.060397,0.033683
MCUCXR_0258_1.png,bior4.4,4,30,2418,108.4136,0.0738,31.6067,0.9059,2.2835,2.315,2.0951,2.2038,0.066034,0.034991
MCUCXR_0258_1.png,bior4.4,4,50,5482,47.819,0.1673,37.616,0.9514,2.5941,2.6362,2.4732,2.5172,0.081698,0.047122
MCUCXR_0258_1.png,bior4.4,4,70,10896,24.0587,0.3325,43.027,0.9798,2.8828,2.9281,3.2926,3.3367,0.092209,0.063399
MCUCXR_0258_1.png,bior4.4,4,90,21553,12.1628,0.6577,48.2361,0.9929,3.1374,3.21,3.8051,3.8282,0.133736,0.095375
MCUCXR_0264_1.png,bior4.4,4,10,1080,242.7259,0.033,26.7215,0.7474,2.1458,2.1844,1.6799,1.8965,0.06078,0.032476
MCUCXR_0264_1.png,bior4.4,4,20,1702,154.0212,0.0519,29.3367,0.8343,2.3474,2.4175,1.8108,1.9531,0.06168,0.033111
MCUCXR_0264_1.png,bior4.4,4,30,2499,104.8996,0.0763,31.0619,0.882,2.538,2.6194,2.3445,2.3922,0.065499,0.035374
MCUCXR_0264_1.png,bior4.4,4,50,6103,42.9533,0.1862,36.836,0.9349,2.8436,2.8881,2.5326,2.5648,0.082934,0.053148
MCUCXR_0264_1.png,bior4.4,4,70,13086,20.0324,0.3994,41.7654,0.9737,3.0705,3.1006,3.1619,3.1908,0.100946,0.065418
MCUCXR_0264_1.png,bior4.4,4,90,27159,9.6522,0.8288,46.6897,0.9902,3.2647,3.295,3.7787,3.8034,0.16368,0.115451
MCUCXR_0266_1.png,bior4.4,4,10,1097,238.9644,0.0335,29.6508,0.8751,2.3008,2.4031,1.3857,1.6945,0.061548,0.029182
MCUCXR_0266_1.png,bior4.4,4,20,1617,162.1175,0.0493,31.2643,0.8906,2.5478,2.6412,1.4231,1.7342,0.062238,0.031796
MCUCXR_0266_1.png,bior4.4,4,30,2365,110.8431,0.0722,33.2872,0.9058,2.7459,2.8606,1.8417,2.0255,0.061978,0.03393
MCUCXR_0266_1.png,bior4.4,4,50,5877,44.6051,0.1794,37.479,0.9394,3.0466,3.1319,2.2261,2.3199,0.080872,0.059784
MCUCXR_0266_1.png,bior4.4,4,70,13167,19.9092,0.4018,41.7994,0.9702,3.2399,3.3069,2.9451,2.9639,0.146768,0.100363
MCUCXR_0266_1.png,bior4.4,4,90,27980,9.369,0.8539,46.2981,0.9868,3.3486,3.4075,3.6668,3.695,0.167318,0.112243
MCUCXR_0275_1.png,bior4.4,4,10,1141,229.7493,0.0348,27.1207,0.7874,2.21,2.2931,1.8807,2.009,0.071013,0.029779
MCUCXR_0275_1.png,bior4.4,4,20,1746,150.1397,0.0533,28.9578,0.8373,2.4511,2.5694,1.7874,1.9595,0.06284,0.03878
MCUCXR_0275_1.png,bior4.4,4,30,2600,100.8246,0.0793,31.0076,0.8664,2.6706,2.7687,2.283,2.3652,0.07891,0.048422
MCUCXR_0275_1.png,bior4.4,4,50,6450,40.6425,0.1968,36.3671,0.9271,2.9897,3.0619,2.5631,2.6015,0.078775,0.047727
MCUCXR_0275_1.png,bior4.4,4,70,14219,18.4362,0.4339,41.202,0.9686,3.2422,3.3031,3.2238,3.2537,0.106328,0.070537
MCUCXR_0275_1.png,bior4.4,4,90,30023,8.7314,0.9162,46.2327,0.9884,3.418,3.4688,3.8358,3.8556,0.163279,0.119361
MCUCXR_0282_1.png,bior4.4,4,10,1372,191.0671,0.0419,27.9566,0.8033,2.3184,2.475,1.03,1.4886,0.061308,0.031576
MCUCXR_0282_1.png,bior4.4,4,20,1886,138.9947,0.0576,29.3232,0.8299,2.5597,2.6738,1.7546,1.9546,0.062534,0.033858
MCUCXR_0282_1.png,bior4.4,4,30,2863,91.5627,0.0874,31.2952,0.8587,2.7657,2.8719,2.3192,2.3954,0.065163,0.035522
MCUCXR_0282_1.png,bior4.4,4,50,7262,36.098,0.2216,35.6517,0.9204,3.0847,3.1194,2.5881,2.626,0.083289,0.050876
MCUCXR_0282_1.png,bior4.4,4,70,16478,15.9087,0.5029,40.2371,0.9653,3.283,3.3563,3.2897,3.3344,0.118459,0.078616
MCUCXR_0282_1.png,bior4.4,4,90,35397,7.4058,1.0802,45.4196,0.9874,3.4505,3.52,3.8617,3.8821,0.19121,0.15395
MCUCXR_0289_1.png,bior4.4,4,10,1113,235.5292,0.034,27.7651,0.8268,2.1802,2.2906,1.7282,1.8945,0.058524,0.039101
MCUCXR_0289_1.png,bior4.4,4,20,1763,148.692,0.0538,30.119,0.8517,2.4284,2.5531,1.7184,1.9136,0.063569,0.032637
MCUCXR_0289_1.png,bior4.4,4,30,2452,106.9103,0.0748,31.7345,0.8802,2.6535,2.7462,2.1252,2.2298,0.08292,0.039318
MCUCXR_0289_1.png,bior4.4,4,50,5929,44.2139,0.1809,37.3387,0.9351,2.9675,3.02,2.3836,2.4375,0.097048,0.061429
MCUCXR_0289_1.png,bior4.4,4,70,12817,20.4528,0.3911,41.9758,0.9713,3.1872,3.2531,3.126,3.1486,0.117789,0.066332
MCUCXR_0289_1.png,bior4.4,4,90,26802,9.7808,0.8179,46.6972,0.9885,3.3554,3.4169,3.7085,3.7342,0.164233,0.134349
MCUCXR_0294_1.png,bior4.4,4,10,1154,227.1612,0.0352,27.5775,0.7662,2.1136,2.1631,1.7882,1.9663,0.062731,0.032184
MCUCXR_0294_1.png,bior4.4,4,20,1834,142.9357,0.056,30.5827,0.8578,2.3576,2.4263,1.8921,2.0356,0.067723,0.036182
MCUCXR_0294_1.png,bior4.4,4,30,2728,96.0938,0.0833,32.3937,0.8976,2.5646,2.6625,2.0066,2.1259,0.072369,0.057614
MCUCXR_0294_1.png,bior4.4,4,50,5728,45.7654,0.1748,37.5114,0.9421,2.8984,2.965,2.7061,2.7351,0.102364,0.061897
MCUCXR_0294_1.png,bior4.4,4,70,12431,21.0879,0.3794,42.2188,0.9725,3.1257,3.1644,3.1874,3.2035,0.100315,0.064097
MCUCXR_0294_1.png,bior4.4,4,90,25531,10.2677,0.7791,46.8914,0.989,3.3034,3.3294,3.8298,3.8503,0.147153,0.104178
MCUCXR_0301_1.png,bior4.4,4,10,1094,239.6197,0.0334,29.1474,0.8544,2.3528,2.4675,1.3515,1.6965,0.058368,0.031313
MCUCXR_0301_1.png,bior4.4,4,20,1604,163.4314,0.049,30.7989,0.8738,2.5635,2.6763,1.6592,1.9086,0.059482,0.030809
MCUCXR_0301_1.png,bior4.4,4,30,2313,113.3351,0.0706,32.9683,0.8927,2.757,2.865,2.1869,2.2908,0.062737,0.036034
MCUCXR_0301_1.png,bior4.4,4,50,5359,48.9166,0.1635,37.222,0.9358,3.0176,3.0925,2.8366,2.8544,0.075543,0.042468
MCUCXR_0301_1.png,bior4.4,4,70,13358,19.6245,0.4077,41.9426,0.9707,3.1621,3.2319,2.9745,2.9888,0.107856,0.074118
MCUCXR_0301_1.png,bior4.4,4,90,28134,9.3177,0.8586,46.3839,0.9873,3.2499,3.2825,3.6494,3.6776,0.180798,0.13635
MCUCXR_0309_1.png,bior4.4,4,10,972,269.6955,0.0297,27.9412,0.7472,1.9356,1.9844,1.7946,1.9692,0.058812,0.030362
MCUCXR_0309_1.png,bior4.4,4,20,1467,178.6939,0.0448,30.4716,0.8628,2.1217,2.165,1.8176,1.9927,0.065563,0.032102
MCUCXR_0309_1.png,bior4.4,4,30,2165,121.0827,0.0661,32.3518,0.9072,2.3578,2.3906,2.0389,2.1608,0.065172,0.038218
MCUCXR_0309_1.png,bior4.4,4,50,5042,51.9921,0.1539,37.9497,0.9511,2.7246,2.7994,2.26,2.3471,0.074159,0.044244
MCUCXR_0309_1.png,bior4.4,4,70,10360,25.3035,0.3162,42.7634,0.9776,2.9891,3.0631,3.0223,3.0382,0.09107,0.059084
MCUCXR_0309_1.png,bior4.4,4,90,21425,12.2354,0.6538,47.5385,0.9909,3.2114,3.27,3.7884,3.8147,0.131,0.092
MCUCXR_0311_1.png,bior4.4,4,10,1029,254.7561,0.0314,28.0972,0.7343,1.981,2.0106,1.6577,1.8536,0.057285,0.030484
MCUCXR_0311_1.png,bior4.4,4,20,1546,169.5627,0.0472,29.6848,0.8557,2.2128,2.265,1.8297,2.0018,0.061278,0.031952
MCUCXR_0311_1.png,bior4.4,4,30,2374,110.4229,0.0724,31.4757,0.9068,2.3888,2.4425,1.8696,2.0251,0.065718,0.034142
MCUCXR_0311_1.png,bior4.4,4,50,5653,46.3725,0.1725,37.4068,0.9527,2.7506,2.8312,2.4648,2.4936,0.074917,0.043321
MCUCXR_0311_1.png,bior4.4,4,70,11703,22.3997,0.3571,43.3385,0.9802,2.9862,3.0537,3.0601,3.0897,0.099984,0.063656
MCUCXR_0311_1.png,bior4.4,4,90,22462,11.6706,0.6855,48.232,0.9921,3.1946,3.2519,3.6959,3.7273,0.131089,0.09649
MCUCXR_0313_1.png,bior4.4,4,10,1060,247.3057,0.0323,27.111,0.7468,2.1592,2.2075,1.8352,1.9977,0.060855,0.030857
MCUCXR_0313_1.png,bior4.4,4,20,1713,153.0321,0.0523,29.6985,0.8335,2.3819,2.4706,1.9296,2.0411,0.061224,0.032401
MCUCXR_0313_1.png,bior4.4,4,30,2501,104.8157,0.0763,31.2545,0.8776,2.5652,2.685,2.3033,2.3567,0.064462,0.035897
MCUCXR_0313_1.png,bior4.4,4,50,6081,43.1087,0.1856,36.6578,0.9309,2.9048,2.9381,2.5079,2.5403,0.07987,0.046745
MCUCXR_0313_1.png,bior4.4,4,70,13477,19.4512,0.4113,41.6038,0.972,3.1119,3.1425,3.2122,3.2504,0.103188,0.06874
MCUCXR_0313_1.png,bior4.4,4,90,27667,9.475,0.8443,46.4627,0.9894,3.2783,3.3156,3.8124,3.8323,0.152453,0.110479
MCUCXR_0316_1.png,bior4.4,4,10,1108,236.5921,0.0338,27.4618,0.7341,2.1654,2.2025,2.0912,2.1965,0.060596,0.029306
MCUCXR_0316_1.png,bior4.4,4,20,1739,150.7441,0.0531,28.8993,0.8295,2.3719,2.4469,1.9277,2.0634,0.060123,0.034491
MCUCXR_0316_1.png,bior4.4,4,30,2676,97.9611,0.0817,30.8383,0.8797,2.5238,2.6225,2.3002,2.3604,0.063925,0.034784
MCUCXR_0316_1.png,bior4.4,4,50,6539,40.0893,0.1996,36.4554,0.9353,2.8499,2.8869,2.6176,2.6299,0.079228,0.049775
MCUCXR_0316_1.png,bior4.4,4,70,14129,18.5536,0.4312,41.5032,0.9732,3.0304,3.0688,3.2701,3.3243,0.119842,0.076651
MCUCXR_0316_1.png,bior4.4,4,90,28726,9.1257,0.8766,46.5889,0.9899,3.2084,3.2444,3.7903,3.8109,0.156808,0.112625
MCUCXR_0331_1.png,bior4.4,4,10,1113,235.5292,0.034,28.9252,0.8504,2.3665,2.4663,1.6204,1.8667,0.059823,0.032241
MCUCXR_0331_1.png,bior4.4,4,20,1616,162.2178,0.0493,30.5266,0.8671,2.5724,2.6644,1.6777,1.9225,0.058532,0.032483
MCUCXR_0331_1.png,bior4.4,4,30,2281,114.925,0.0696,32.5614,0.8893,2.7353,2.8344,2.3094,2.4012,0.065015,0.033125
MCUCXR_0331_1.png,bior4.4,4,50,5429,48.2859,0.1657,37.0098,0.9337,3.0581,3.1031,2.8407,2.8568,0.078161,0.043302
MCUCXR_0331_1.png,bior4.4,4,70,13084,20.0355,0.3993,41.33,0.9677,3.2136,3.2644,2.9892,3.0031,0.102543,0.067209
MCUCXR_0331_1.png,bior4.4,4,90,28851,9.0861,0.8805,45.6873,0.986,3.3946,3.4613,3.7201,3.7471,0.156333,0.114947
MCUCXR_0334_1.png,bior4.4,4,10,1204,217.7276,0.0367,26.3072,0.707,2.1733,2.2375,2.12,2.1874,0.06116,0.02917
MCUCXR_0334_1.png,bior4.4,4,20,1898,138.1159,0.0579,28.4637,0.8256,2.4044,2.4981,2.226,2.2962,0.062628,0.033536
MCUCXR_0334_1.png,bior4.4,4,30,2903,90.3011,0.0886,30.546,0.8749,2.592,2.695,2.3405,2.3898,0.064879,0.038272
MCUCXR_0334_1.png,bior4.4,4,50,6915,37.9095,0.211,36.1419,0.9335,2.9227,3.0006,2.6925,2.7141,0.083552,0.058463
MCUCXR_0334_1.png,bior4.4,4,70,14635,17.9121,0.4466,41.2692,0.9723,3.137,3.1781,3.3921,3.4512,0.107642,0.074191
MCUCXR_0334_1.png,bior4.4,4,90,29714,8.8222,0.9068,46.2731,0.9897,3.2686,3.2912,3.9057,3.9287,0.192196,0.160452
MCUCXR_0338_1.png,bior4.4,4,10,1085,241.6074,0.0331,30.0518,0.8278,2.3265,2.4675,1.4111,1.7099,0.060702,0.032876
MCUCXR_0338_1.png,bior4.4,4,20,1657,158.204,0.0506,31.4159,0.8465,2.5738,2.7081,1.3683,1.6971,0.063286,0.056989
MCUCXR_0338_1.png,bior4.4,4,30,2415,108.5482,0.0737,32.9803,0.8717,2.7667,2.89,2.0592,2.1878,0.071139,0.04246
MCUCXR_0338_1.png,bior4.4,4,50,6262,41.8627,0.1911,36.6252,0.9251,3.0305,3.0994,2.4115,2.4696,0.113993,0.062224
MCUCXR_0338_1.png,bior4.4,4,70,14761,17.7592,0.4505,40.9851,0.9661,3.2102,3.2925,3.0611,3.0839,0.113583,0.101851
MCUCXR_0338_1.png,bior4.4,4,90,31934,8.2089,0.9745,45.5961,0.9861,3.3274,3.3994,3.7472,3.7659,0.172784,0.120323
MCUCXR_0348_1.png,bior4.4,4,10,1103,237.6646,0.0337,28.4644,0.8166,2.1374,2.2006,1.6696,1.8667,0.059566,0.029308
MCUCXR_0348_1.png,bior4.4,4,20,1591,164.7668,0.0486,29.9247,0.8638,2.3811,2.4694,1.7915,1.9905,0.060261,0.032764
MCUCXR_0348_1.png,bior4.4,4,30,2273,115.3295,0.0694,31.4867,0.8981,2.5892,2.6956,2.1965,2.3055,0.063968,0.033837
MCUCXR_0348_1.png,bior4.4,4,50,5787,45.2988,0.1766,37.5209,0.9467,2.9431,3.0031,2.2268,2.3232,0.075043,0.046166
MCUCXR_0348_1.png,bior4.4,4,70,11957,21.9239,0.3649,42.514,0.9748,3.2001,3.2519,2.9698,2.9901,0.137457,0.063606
MCUCXR_0348_1.png,bior4.4,4,90,23965,10.9386,0.7314,47.1063,0.9891,3.3811,3.42,3.7882,3.819,0.170359,0.098486
MCUCXR_0350_1.png,bior4.4,4,10,1147,228.5475,0.035,28.7394,0.815,2.3633,2.5038,1.7229,1.9492,0.058614,0.030549
MCUCXR_0350_1.png,bior4.4,4,20,1604,163.4314,0.049,30.46,0.8621,2.5634,2.6581,2.0718,2.2094,0.059887,0.032038
MCUCXR_0350_1.png,bior4.4,4,30,2431,107.8338,0.0742,32.3723,0.8862,2.7442,2.8363,1.9518,2.1181,0.06542,0.03527
MCUCXR_0350_1.png,bior4.4,4,50,5484,47.8016,0.1674,36.5936,0.9315,3.0607,3.1437,2.8618,2.8838,0.074916,0.045996
MCUCXR_0350_1.png,bior4.4,4,70,13442,19.5019,0.4102,41.049,0.9676,3.2288,3.2725,3.0198,3.0346,0.11147,0.076236
MCUCXR_0350_1.png,bior4.4,4,90,29338,8.9353,0.8953,45.5182,0.9861,3.3945,3.4512,3.7894,3.8099,0.165791,0.157035
MCUCXR_0352_1.png,bior4.4,4,10,1084,241.8303,0.0331,27.4949,0.7516,2.1326,2.1819,1.7818,1.9415,0.064591,0.037254
MCUCXR_0352_1.png,bior4.4,4,20,1678,156.2241,0.0512,29.7819,0.8521,2.3885,2.4787,1.9118,2.0496,0.064031,0.031422
MCUCXR_0352_1.png,bior4.4,4,30,2820,92.9589,0.0861,31.7559,0.8952,2.5877,2.6969,1.4885,1.769,0.065336,0.03799
MCUCXR_0352_1.png,bior4.4,4,50,5755,45.5507,0.1756,37.306,0.9435,2.9175,2.985,2.5721,2.6031,0.100702,0.066095
MCUCXR_0352_1.png,bior4.4,4,70,12530,20.9213,0.3824,42.4417,0.9764,3.1579,3.1837,3.1714,3.2059,0.134641,0.086828
MCUCXR_0352_1.png,bior4.4,4,90,24748,10.5925,0.7552,47.3238,0.9909,3.3368,3.3806,3.8083,3.8298,0.210588,0.129767
MCUCXR_0354_1.png,bior4.4,4,10,1079,242.9509,0.0329,30.6824,0.8308,2.3866,2.4737,2.1186,2.2392,0.074469,0.03763
MCUCXR_0354_1.png,bior4.4,4,20,1491,175.8176,0.0455,32.1013,0.8603,2.5732,2.6419,2.0524,2.201,0.059564,0.037939
MCUCXR_0354_1.png,bior4.4,4,30,2074,126.3954,0.0633,33.5752,0.8799,2.7289,2.8144,2.7798,2.8055,0.075096,0.048892
MCUCXR_0354_1.png,bior4.4,4,50,5174,50.6656,0.1579,37.1344,0.93,3.0485,3.0994,2.7769,2.8012,0.109203,0.069079
MCUCXR_0354_1.png,bior4.4,4,70,12967,20.2162,0.3957,41.3082,0.9676,3.2269,3.2738,2.9425,2.9608,0.130351,0.087754
MCUCXR_0354_1.png,bior4.4,4,90,29122,9.0016,0.8887,45.8441,0.9869,3.3957,3.4569,3.6916,3.7198,0.184382,0.165407
MCUCXR_0362_1.png,bior4.4,4,10,1034,253.5242,0.0316,27.5928,0.7945,2.1801,2.3025,1.9792,2.1064,0.062998,0.032483
MCUCXR_0362_1.png,bior4.4,4,20,1591,164.7668,0.0486,29.6581,0.8533,2.4237,2.5625,1.7087,1.9004,0.060162,0.045149
MCUCXR_0362_1.png,bior4.4,4,30,2402,109.1357,0.0733,31.9203,0.8928,2.6335,2.7344,2.1174,2.1958,0.07949,0.049848
MCUCXR_0362_1.png,bior4.4,4,50,5739,45.6776,0.1751,36.7277,0.934,2.9649,3.03,2.4394,2.4907,0.104039,0.072585
MCUCXR_0362_1.png,bior4.4,4,70,12835,20.4242,0.3917,41.8186,0.9704,3.1984,3.2544,3.1301,3.1565,0.133616,0.095095
MCUCXR_0362_1.png,bior4.4,4,90,26702,9.8174,0.8149,46.6729,0.9882,3.3561,3.42,3.8179,3.84,0.214967,0.153972
MCUCXR_0367_1.png,bior4.4,4,10,1154,227.1612,0.0352,27.0758,0.8068,2.1845,2.2519,1.7464,1.865,0.071441,0.039176
MCUCXR_0367_1.png,bior4.4,4,20,1721,152.3207,0.0525,28.2367,0.8524,2.4084,2.5125,1.8345,1.9984,0.070606,0.039947
MCUCXR_0367_1.png,bior4.4,4,30,2705,96.9109,0.0826,31.2851,0.8798,2.6409,2.7363,2.048,2.1604,0.067039,0.049232
MCUCXR_0367_1.png,bior4.4,4,50,6438,40.7182,0.1965,36.8407,0.9369,2.9451,3.0006,2.4789,2.5211,0.092809,0.061654
MCUCXR_0367_1.png,bior4.4,4,70,13596,19.281,0.4149,41.8282,0.975,3.1883,3.2319,3.1642,3.1949,0.134324,0.108302
MCUCXR_0367_1.png,bior4.4,4,90,27145,9.6572,0.8284,47.0715,0.9912,3.3959,3.4494,3.8443,3.8666,0.199404,0.139625
MCUCXR_0369_1.png,bior4.4,4,10,1116,234.8961,0.0341,27.7833,0.6796,2.1046,2.1562,1.8244,1.9938,0.070431,0.032692
MCUCXR_0369_1.png,bior4.4,4,20,1701,154.1117,0.0519,29.4245,0.8189,2.3351,2.4144,2.3651,2.4294,0.065948,0.039284
MCUCXR_0369_1.png,bior4.4,4,30,2612,100.3614,0.0797,31.262,0.8774,2.5254,2.605,2.4907,2.5262,0.081317,0.03681
MCUCXR_0369_1.png,bior4.4,4,50,6674,39.2784,0.2037,36.4005,0.9392,2.809,2.87,2.7258,2.7503,0.081536,0.069096
MCUCXR_0369_1.png,bior4.4,4,70,14246,18.4012,0.4348,41.2599,0.9737,3.0338,3.085,3.4299,3.4947,0.116715,0.093448
MCUCXR_0369_1.png,bior4.4,4,90,29019,9.0335,0.8856,46.6237,0.9908,3.167,3.2037,3.9024,3.9352,0.198938,0.128216
MCUCXR_0372_1.png,bior4.4,4,10,1101,238.0963,0.0336,27.4173,0.7722,2.1158,2.1681,1.9029,2.0174,0.070691,0.031075
MCUCXR_0372_1.png,bior4.4,4,20,1729,151.616,0.0528,29.3654,0.8421,2.3603,2.4312,1.9226,2.0531,0.086278,0.053449
MCUCXR_0372_1.png,bior4.4,4,30,2467,106.2602,0.0753,30.7329,0.8843,2.5432,2.6187,2.213,2.2985,0.074666,0.051352
MCUCXR_0372_1.png,bior4.4,4,50,6032,43.4589,0.1841,36.7282,0.9379,2.8928,2.9725,2.4806,2.5273,0.078911,0.047927
MCUCXR_0372_1.png,bior4.4,4,70,12974,20.2053,0.3959,41.8735,0.9747,3.1479,3.1844,3.2001,3.2255,0.113793,0.097703
MCUCXR_0372_1.png,bior4.4,4,90,26620,9.8476,0.8124,46.926,0.9909,3.3904,3.4281,3.8034,3.8239,0.183761,0.157348
MCUCXR_0375_1.png,bior4.4,4,10,1105,237.2344,0.0337,27.5406,0.7235,2.0964,2.1237,2.0134,2.131,0.06421,0.0463
MCUCXR_0375_1.png,bior4.4,4,20,1588,165.0781,0.0485,29.0403,0.8247,2.3212,2.3763,2.6981,2.7323,0.104885,0.042011
MCUCXR_0375_1.png,bior4.4,4,30,2620,100.055,0.08,30.8785,0.8804,2.4919,2.5612,2.3838,2.4339,0.070344,0.035927
MCUCXR_0375_1.png,bior4.4,4,50,6414,40.8706,0.1957,36.5417,0.9366,2.8318,2.925,2.6439,2.6563,0.090576,0.053124
MCUCXR_0375_1.png,bior4.4,4,70,13905,18.8525,0.4243,41.5185,0.9723,3.0799,3.1169,3.2891,3.3377,0.12251,0.070722
MCUCXR_0375_1.png,bior4.4,4,90,28239,9.283,0.8618,46.4686,0.9894,3.2645,3.295,3.8939,3.9214,0.187792,0.124708
MCUCXR_0383_1.png,bior4.4,4,10,1096,239.1825,0.0334,27.8911,0.704,2.0195,2.0725,1.6727,1.8906,0.062999,0.030492
MCUCXR_0383_1.png,bior4.4,4,20,1750,149.7966,0.0534,30.3694,0.8369,2.2701,2.3206,1.6456,1.8636,0.061622,0.034994
MCUCXR_0383_1.png,bior4.4,4,30,2484,105.533,0.0758,31.9986,0.8988,2.489,2.5625,2.1988,2.2825,0.083649,0.059089
MCUCXR_0383_1.png,bior4.4,4,50,5812,45.1039,0.1774,37.393,0.9447,2.7783,2.875,2.5089,2.5546,0.088399,0.049364
MCUCXR_0383_1.png,bior4.4,4,70,11976,21.8891,0.3655,42.3817,0.9767,3.0085,3.0569,3.2488,3.2771,0.101889,0.079224
MCUCXR_0383_1.png,bior4.4,4,90,24168,10.8467,0.7375,47.3538,0.9911,3.2044,3.2494,3.8119,3.8335,0.180744,0.155135
MCUCXR_0387_1.png,bior4.4,4,10,1167,224.6307,0.0356,27.1806,0.8076,2.2893,2.4031,1.8065,1.9595,0.063599,0.034125
MCUCXR_0387_1.png,bior4.4,4,20,1836,142.78,0.056,29.3561,0.83,2.5116,2.6362,1.8048,1.9787,0.065085,0.035503
MCUCXR_0387_1.png,bior4.4,4,30,2746,95.4639,0.0838,31.458,0.8675,2.7423,2.8281,2.3502,2.4086,0.074923,0.046582
MCUCXR_0387_1.png,bior4.4,4,50,6690,39.1845,0.2042,36.1957,0.9219,3.0622,3.0981,2.552,2.5913,0.093057,0.058135
MCUCXR_0387_1.png,bior4.4,4,70,15077,17.387,0.4601,40.7142,0.965,3.2635,3.3175,3.2203,3.2516,0.150066,0.098234
MCUCXR_0387_1.png,bior4.4,4,90,32291,8.1182,0.9854,45.4841,0.9862,3.451,3.4962,3.8402,3.8601,0.205646,0.151746
MCUCXR_0390_1.png,bior4.4,4,10,1151,227.7533,0.0351,27.4292,0.818,2.2629,2.36,1.663,1.8654,0.064327,0.040522
MCUCXR_0390_1.png,bior4.4,4,20,1761,148.8609,0.0537,30.1306,0.858,2.4882,2.605,1.7451,1.9053,0.071076,0.050303
MCUCXR_0390_1.png,bior4.4,4,30,2515,104.2322,0.0768,32.074,0.8927,2.6723,2.7763,2.1163,2.2053,0.065148,0.044236
MCUCXR_0390_1.png,bior4.4,4,50,5897,44.4538,0.18,36.9695,0.9375,2.9768,3.0019,2.3722,2.4374,0.116003,0.056636
MCUCXR_0390_1.png,bior4.4,4,70,12959,20.2287,0.3955,41.8911,0.9716,3.1991,3.2594,3.0663,3.0833,0.117699,0.079983
MCUCXR_0390_1.png,bior4.4,4,90,27447,9.5509,0.8376,46.5808,0.9886,3.363,3.4287,3.7335,3.7592,0.208108,0.146247
MCUCXR_0393_1.png,bior4.4,4,10,1137,230.5576,0.0347,26.9653,0.7274,2.1567,2.1856,1.9249,2.0176,0.05734,0.031788
MCUCXR_0393_1.png,bior4.4,4,20,1835,142.8578,0.056,29.2474,0.8381,2.3854,2.4675,1.9968,2.1101,0.063046,0.045244
MCUCXR_0393_1.png,bior4.4,4,30,2653,98.8104,0.081,31.4585,0.8826,2.5856,2.6856,2.3413,2.3886,0.067358,0.035561
MCUCXR_0393_1.png,bior4.4,4,50,6239,42.017,0.1904,36.5873,0.9358,2.8888,2.9631,2.5286,2.567,0.076198,0.045936
MCUCXR_0393_1.png,bior4.4,4,70,13461,19.4743,0.4108,41.8252,0.9751,3.1203,3.1494,3.2755,3.3111,0.132464,0.073171
MCUCXR_0393_1.png,bior4.4,4,90,27019,9.7022,0.8246,46.7942,0.9906,3.2995,3.3312,3.8588,3.8799,0.167203,0.121512
MCUCXR_0399_1.png,bior4.4,4,10,996,263.1968,0.0304,28.054,0.7828,1.9534,2.0387,1.8995,2.0032,0.077165,0.036537
MCUCXR_0399_1.png,bior4.4,4,20,1532,171.1123,0.0468,30.4238,0.8649,2.1997,2.2656,1.8523,1.9915,0.070199,0.031479
MCUCXR_0399_1.png,bior4.4,4,30,2314,113.2861,0.0706,32.7948,0.8999,2.4611,2.5556,2.0805,2.1821,0.077774,0.041812
MCUCXR_0399_1.png,bior4.4,4,50,5101,51.3907,0.1557,37.7481,0.9456,2.8031,2.8831,2.8172,2.8381,0.085801,0.045697
MCUCXR_0399_1.png,bior4.4,4,70,11831,22.1574,0.3611,42.8937,0.9774,3.0711,3.1162,3.048,3.0641,0.14029,0.078849
MCUCXR_0399_1.png,bior4.4,4,90,23378,11.2133,0.7134,47.629,0.9907,3.2461,3.2825,3.7062,3.7335,0.199197,0.137063
