filename,image_shape,mask_shape,roi_fraction,status
MCUCXR_0001_0.png,"(4020, 4892)","(4020, 4892)",0.241713,ok
MCUCXR_0002_0.png,"(4020, 4892)","(4020, 4892)",0.203719,ok
MCUCXR_0003_0.png,"(4892, 4020)","(4892, 4020)",0.254161,ok
MCUCXR_0004_0.png,"(4892, 4020)","(4892, 4020)",0.176922,ok
MCUCXR_0005_0.png,"(4892, 4020)","(4892, 4020)",0.308388,ok
MCUCXR_0006_0.png,"(4020, 4892)","(4020, 4892)",0.213029,ok
MCUCXR_0008_0.png,"(4892, 4020)","(4892, 4020)",0.275692,ok
MCUCXR_0011_0.png,"(4892, 4020)","(4892, 4020)",0.261836,ok
MCUCXR_0013_0.png,"(4020, 4892)","(4020, 4892)",0.21978,ok
MCUCXR_0015_0.png,"(4020, 4892)","(4020, 4892)",0.2981,ok
MCUCXR_0016_0.png,"(4020, 4892)","(4020, 4892)",0.233552,ok
MCUCXR_0017_0.png,"(4020, 4892)","(4020, 4892)",0.155655,ok
MCUCXR_0019_0.png,"(4892, 4020)","(4892, 4020)",0.288016,ok
MCUCXR_0020_0.png,"(4020, 4892)","(4020, 4892)",0.2734,ok
MCUCXR_0021_0.png,"(4892, 4020)","(4892, 4020)",0.238916,ok
MCUCXR_0022_0.png,"(4020, 4892)","(4020, 4892)",0.397658,ok
MCUCXR_0023_0.png,"(4020, 4892)","(4020, 4892)",0.386911,ok
MCUCXR_0024_0.png,"(4892, 4020)","(4892, 4020)",0.179764,ok
MCUCXR_0026_0.png,"(4892, 4020)","(4892, 4020)",0.176402,ok
MCUCXR_0027_0.png,"(4892, 4020)","(4892, 4020)",0.220447,ok
MCUCXR_0028_0.png,"(4892, 4020)","(4892, 4020)",0.183974,ok
MCUCXR_0029_0.png,"(4892, 4020)","(4892, 4020)",0.246491,ok
MCUCXR_0030_0.png,"(4020, 4892)","(4020, 4892)",0.355322,ok
MCUCXR_0031_0.png,"(4020, 4892)","(4020, 4892)",0.355563,ok
MCUCXR_0035_0.png,"(4892, 4020)","(4892, 4020)",0.268934,ok
MCUCXR_0038_0.png,"(4892, 4020)","(4892, 4020)",0.274371,ok
MCUCXR_0040_0.png,"(4892, 4020)","(4892, 4020)",0.277257,ok
MCUCXR_0041_0.png,"(4020, 4892)","(4020, 4892)",0.173465,ok
MCUCXR_0042_0.png,"(4020, 4892)","(4020, 4892)",0.146386,ok
MCUCXR_0043_0.png,"(4020, 4892)","(4020, 4892)",0.199908,ok
MCUCXR_0044_0.png,"(4892, 4020)","(4892, 4020)",0.269671,ok
MCUCXR_0045_0.png,"(4020, 4892)","(4020, 4892)",0.271729,ok
MCUCXR_0046_0.png,"(4892, 4020)","(4892, 4020)",0.277157,ok
MCUCXR_0047_0.png,"(4892, 4020)","(4892, 4020)",0.253473,ok
MCUCXR_0048_0.png,"(4892, 4020)","(4892, 4020)",0.195085,ok
MCUCXR_0049_0.png,"(4892, 4020)","(4892, 4020)",0.233136,ok
MCUCXR_0051_0.png,"(4892, 4020)","(4892, 4020)",0.343984,ok
